npc_name,gender,age,accent,descriptives,use_cases,confidence,reasoning
Abraham,male,middle_aged,british,intense|rough|serious,characters_animation,medium,"Abraham is a fanatical Fellowship founder who shouts violent threats, suggesting an intense, rough, aggressive male voice."
Addom,male,middle_aged,british,confident|casual|pleasant,characters_animation,high,"A seasoned, world-travelled merchant — hardened but friendly, confident storyteller with a pleasant, adventurous charm."
Adjhar,neutral,old,british,deep|gentle|calm,characters_animation,medium,"A sentient stone golem speaking haltingly with pauses warrants a deep, calm, gentle voice evoking artificial yet emotional speech."
Aimi,female,middle_aged,british,calm|gentle|soft,characters_animation,high,"Aimi is a serene abbey monk who tends gardens and speaks with quiet, gracious warmth befitting a contemplative religious life."
Alagner,male,middle_aged,british,wise|serious|formal,characters_animation,high,"Alagner is a learned scholar-inventor who speaks in formal, archaic tones with intellectual intensity and dry wit."
Alina,female,young,british,sad|anxious|soft,characters_animation,high,"Alina is a desperate, grieving young mother in poverty, her archaic speech and emotional distress calling for a soft, anxious, sorrowful tone."
Amanda,female,young,british,intense|serious|sad,characters_animation,high,"Armored warrior driven by grief and vengeance, emotionally volatile yet formal in speech, seeking purpose after loss."
Amber,female,young,british,confident|upbeat|sassy,characters_animation,high,"Amber is a lively, opinionated young actress with playful wit and bold romantic energy, suggesting a confident, sassy British voice."
Andrew,male,young,british,pleasant|casual|upbeat,characters_animation,high,"Described as cheerful and handsome young man who gives friendly waves; dialog is warm, gossipy, and approachable."
Anmanivas,male,middle_aged,british,intense|grumpy|rough,characters_animation,high,"Anmanivas is an aggressive, bitter gargoyle whose dialog and descriptions consistently convey hostility, anger, and forceful confrontation."
Ansikart,male,middle_aged,standard,calm|wise|gentle,characters_animation,high,"Ansikart is described as having a calm air, showing tolerance and wisdom as a community leader despite surrounding tensions."
Anton,male,young,british,anxious|formal|intense,characters_animation,high,"Young scholar apprentice, imprisoned and fearful, speaks in formal verbose bursts with nervous indignation and dramatic flair."
Apollonia,female,middle_aged,british,pleasant|sassy|confident,characters_animation,high,"Flirtatious, warm innkeeper in her mid-thirties; playful and welcoming tone suits a sassy, pleasant, confident British voice."
Arcadion,male,old,british,intense|raspy|deep,characters_animation,high,"Arcadion is a scheming, ancient daemon—his theatrical manipulation and shadowy presence call for a deep, intense, raspy voice."
Aurvidlem,male,middle_aged,british,grumpy|serious|deep,characters_animation,high,"Aurvidlem is a sour, resentful gargoyle provisioner who speaks in clipped formal constructions and displays visible disdain, warranting a deep, grumpy, serious tone."
Auston,male,middle_aged,british,serious|anxious|formal,characters_animation,high,"Middle-aged worried mayor with furrowed brow, speaks formally about civic tensions with constant underlying anxiety."
Avatar,neutral,middle_aged,standard,neutral|calm|serious,characters_animation|narrative_story,medium,"The Avatar is a player-driven protagonist with largely third-person narrative dialog, requiring a neutral, calm narrator-style voice."
Balayna,female,middle_aged,british,professional|formal|calm,characters_animation,high,"Balayna is a precise, bureaucratic Fellowship clerk who speaks in measured, formal language with a slightly prim, officious tone."
Batlin,male,middle_aged,received pronunciation,confident|formal|intense,characters_animation,high,"Batlin is a charismatic, manipulative cult leader who speaks with polished authority and barely concealed menace, demanding a refined, commanding delivery."
Battles,male,middle_aged,british,rough|grumpy|casual,characters_animation,high,"Battles is a shifty, rough-edged ruffian bodyguard with crude dialect and a streetwise, thuggish demeanor befitting Buccaneer's Den."
Ben,male,middle_aged,british,rough|calm|gentle,characters_animation,high,Working-class logger with dropped H's and humble old-fashioned speech patterns suits a rough yet gentle British regional voice.
Bennie,male,old,british,gentle|formal|pleasant,characters_animation,high,"Elderly, warm-humored head butler with formal, gracious speech befitting a long-serving senior castle servant."
Betra,neutral,middle_aged,standard,calm|formal|serious,characters_animation,high,"Gargoyle speech pattern is distinctly ritualistic and formal with infinitive constructions; calm, measured, and culturally proud but world-weary tone."
Beverlea,female,old,british,grumpy|casual|sassy,characters_animation,high,"Elderly shopkeeper with dry wit, sarcasm, and feisty charm selling second-hand oddities in a rural village."
Blacktooth,male,old,british,grumpy|rough|raspy,characters_animation,high,"Retired pirate with menacing, gruff demeanor, dramatic mood swings, and classic salty sea-dog personality suits a rough, raspy British voice."
Blorn,male,middle_aged,british,grumpy|rough|intense,characters_animation,high,"Blorn is a bitter, xenophobic man prone to outbursts and insults, demanding a gruff, rough-edged British delivery."
Bollux,male,old,british,deep|serious|formal,characters_animation,high,"Stone golem guardian with solemn, archaic speech patterns suits a deep, formal, serious British voice."
Boots,female,middle_aged,british,pleasant|gentle|soft,characters_animation,high,"Boots is a cheerful, flustered castle cook — warm and matronly, with classic Britannian politeness and mild anxiety about her duties."
Boris,male,middle_aged,british,pleasant|casual|calm,characters_animation|conversational,high,"Friendly innkeeper and tavern owner who is hospitable, chatty about townsfolk, and mildly stressed over personal matters."
Bradman,male,middle_aged,british,confident|calm|upbeat,characters_animation,medium,"Proud, nature-loving archer trainer who speaks with calm confidence and genuine enthusiasm about the forest and his craft."
Brion,male,middle_aged,british,wise|calm|professional,characters_animation,high,"Brion is a scholarly observatory administrator, speaking with measured, knowledgeable enthusiasm about astronomy, fitting a calm, wise, refined British tone."
Brita,female,middle_aged,british,grumpy|intense|serious,characters_animation,high,"Brita is a defensive, judgmental Fellowship wife who becomes sharp and indignant when her family is questioned, suggesting an intense, serious tone."
Brownie,male,middle_aged,british,pleasant|calm|casual,characters_animation,high,"Brownie is a cheerful, hardworking farmer with a good-natured, unassuming disposition despite political setbacks."
Budo,male,middle_aged,british,confident|casual|sassy,characters_animation|conversational,high,"Budo is a self-important, jovial pirate-isle merchant with a salesman's bravado and proud family legacy, fitting a confident, casually sassy British tone."
Burnside,male,middle_aged,british,anxious|formal|grumpy,characters_animation,high,"Burnside is a flustered, politically cautious mayor who speaks formally but nervously, prone to dozing off and self-serving deflection."
Cador,male,middle_aged,british,serious|grumpy|confident,characters_animation,high,"Broad-shouldered, solemn overseer with clear anti-gargoyle bias and authoritative demeanor suggests a serious, gruff middle-aged British male."
Caine,male,middle_aged,british,intense|sad|raspy,characters_animation,high,"Guilt-wracked ghost alchemist oscillating between sardonic wit and anguished torment needs an intense, sad, haunted male voice."
Cairbre,male,middle_aged,british,confident|casual|relaxed,characters_animation,high,Seasoned mercenary fighter who speaks plainly and loyally; confident but relaxed with occasional awkward humor suits a gruff-but-friendly sell-sword.
Camille,female,middle_aged,british,gentle|sad|calm,characters_animation,high,"Widowed rural farmer, worn by toil and poverty, speaks with quiet dignity and gentle melancholy about hardship and her troubled son."
Candice,female,young,british,pleasant|upbeat|anxious,characters_animation,high,"Candice is an enthusiastic, eager-to-please museum curator with nervous Fellowship devotion, bright and welcoming but clearly hiding guilt."
Carlyn,female,middle_aged,british,pleasant|gentle|professional,characters_animation,high,"Carlyn is a warm, passionate clothier who speaks politely and enthusiastically about her craft, suggesting a pleasant and gentle British tone."
Caroline,female,young,british,upbeat|pleasant|excited,characters_animation,high,"Caroline is an enthusiastic, eager Fellowship recruiter whose dialog shows bubbly, excitable energy and warm social charm."
Carrocio,male,middle_aged,british,upbeat|excited|confident,characters_animation,high,"Flamboyant, theatrical children's entertainer who speaks in rhyming verse with cheerful, showman energy."
Catherine,female,young,british,soft|gentle|sad,characters_animation,high,"Young girl with polite, formal speech who shifts from cheerful wonder to tearful grief over her father's actions."
Chad,male,middle_aged,british,confident|casual|pleasant,characters_animation,medium,"Chad is a jovial, winking combat trainer who balances professional instruction with a relaxed, sociable tavern-goer personality."
Chantu,male,middle_aged,british,calm|gentle|professional,characters_animation,high,"Chantu is a composed, respectful healer whose formal, empathetic dialog suits a calm, gentle, professionally-toned British voice."
Charles,male,young,british,anxious|casual|gentle,characters_animation,high,"Young castle valet, emotionally reactive and lovelorn, with a proper but flustered British servant demeanor."
Chuckles,male,middle_aged,british,sassy|upbeat|casual,characters_animation,high,"Chuckles is a long-lived royal jester known for irritating jovial mannerisms, riddling clues, and playful deflection, fitting a sassy, upbeat British fool."
Clint,male,old,british,grumpy|rough|confident,characters_animation,high,"Weathered old sailor-turned-shipwright with a blunt, no-nonsense demeanor and a face hardened by years at sea."
Constance,female,young,british,gentle|pleasant|soft,characters_animation,medium,"Constance is a sheltered, romantically naive young island woman with a warm, gentle nature easily swayed by flattery."
Coop,male,young,british,upbeat|casual|confident,characters_animation,high,"Coop is an enthusiastic young shopkeeper and performer — eager, energetic, and proud of his dual role as merchant and musician."
Cosmo,male,young,british,anxious|gentle|soft,characters_animation,high,"Young naive warrior, stammering and wide-eyed, lovesick and earnest, clearly calls for a soft, anxious, gentle youthful voice."
Csil,male,middle_aged,british,calm|gentle|professional,characters_animation,high,"Established, modest Britain healer with measured, caring speech patterns and formal but warm bedside manner."
Cubolt,male,middle_aged,british,grumpy|serious|calm,characters_animation,high,"Cubolt is a weary, unhappy farmer with a worried, serious demeanor, clearly troubled by his brother's Fellowship involvement."
Cynthia,female,middle_aged,british,professional|calm|formal,characters_animation,high,"Cynthia is a formal government mint teller who speaks in precise, bureaucratic language about taxation and monetary exchange."
D Rel,male,middle_aged,british,grumpy|rough|raspy,characters_animation,high,"Bitter imprisoned pirate from Buccaneer's Den with rough dialect, scowling demeanor, and resentful attitude toward authority."
Danag,male,middle_aged,british,formal|confident|calm,characters_animation,medium,"Fellowship interim leader speaks in polished, formal cadence with measured confidence, deflecting suspicion through composed, bureaucratic phrasing."
Daphne,female,middle_aged,british,grumpy|rough|casual,characters_animation,high,"Daphne is a hardworking, weary barmaid with sharp, sarcastic wit and clear frustration — grumpy and rough-edged."
Dark Core,male,old,british,sassy|deep|intense,characters_animation,high,"Arcadion is a sardonic daemon bound in a sword, requiring a deep, darkly humorous, imperiously sarcastic voice with sinister charm."
De Maria,male,middle_aged,british,excited|pleasant|soft,characters_animation,medium,"De Maria is a theatrical romantic bard who speaks in flowery poetic declarations, suiting an expressive, pleasant, emotionally animated voice."
De Snel,male,middle_aged,british,confident|intense|formal,characters_animation,high,"De Snel is a ruthless, arrogant master assassin-turned-trainer who speaks with cold superiority and formal disdain, demanding an intense, confident delivery."
Dell,male,middle_aged,british,grumpy|rough|serious,characters_animation,high,"Dell is a surly, Fellowship-loyal shopkeeper who is openly rude and dismissive, demanding a gruff, irritable delivery."
Denby,male,middle_aged,british,serious|confident|intense,characters_animation,high,"Denby is a disciplined fighter-trainer with intense eyes, a serious disposition, and formal measured speech patterns."
Denton,male,young,british,pleasant|calm|formal,characters_animation,medium,"Denton is a courteous, deferential young tavern-keeper in a knightly fortress, speaking formally and respectfully to knights and guests."
Diane,female,middle_aged,british,pleasant|confident|calm,characters_animation|conversational,high,"Diane is a sociable, knowledgeable stablekeeper who speaks warmly and confidently with refined Britannian poise."
Dracothraxus,female,old,british,deep|wise|intense,characters_animation,high,"Ancient immortal dragon who speaks with regal, archaic gravitas—deep, wise, and formidably intense, revealed female by dialog."
Draxinusom,male,old,british,wise|gentle|formal,characters_animation,high,"Aged, regal gargoyle leader with dignified formal speech patterns and a gentle, melancholic bearing suits wise, formal, gentle delivery."
Dupre,male,middle_aged,british,confident|calm|pleasant,characters_animation,high,"Dupre is a seasoned paladin companion — noble, warm-hearted, and wryly humorous, fitting a confident, calm British delivery."
Dustin,male,middle_aged,british,intense|formal|serious,characters_animation,medium,"Mid-forties theatrical actor performing a Passion Play; his lines are dramatic and archaic, suiting an intense, formal British delivery."
Effrem,male,middle_aged,british,grumpy|casual|sassy,characters_animation,high,"Effrem is a sour, disgruntled stay-at-home father who complains bitterly and sarcastically throughout all his dialog lines."
Eiko,female,young,japanese,intense|confident|serious,characters_animation,high,"Described as 'oriental' with a Japanese name, driven by fierce vengeance, youthful but deadly serious in all dialog."
Elad,male,middle_aged,british,calm|gentle|soft,characters_animation,medium,"A weary, reflective healer longing for change but rooted in community; speaks thoughtfully and kindly with no strong quirks."
Eldroth,male,middle_aged,british,confident|casual|upbeat,characters_animation,high,"Eldroth is a bumbling, self-important provisioner whose mangled proverbs and cheerful pomposity call for a confident, casually upbeat delivery."
Elizabeth,female,middle_aged,british,intense|serious|confident,characters_animation,high,"Fanatical Fellowship founder screaming death threats at the climax demands an intense, fierce, British-accented delivery."
Ellen,female,middle_aged,british,pleasant|calm|gentle,characters_animation,medium,"Ellen is a welcoming, devoted Fellowship wife and bookkeeper — pleasant and calm with a polished, earnest Britannian tone."
Elynor,female,middle_aged,british,serious|formal|confident,characters_animation,high,"Elynor is a stern, authoritative Fellowship leader who speaks with formal judgment and controlled disapproval throughout her dialog."
Emp,neutral,middle-aged,standard,soft|gentle|calm,characters_animation,medium,"Emps are cautious, empathic simian creatures speaking in unusual passive constructions, suggesting a gentle, neutral, softly exotic non-human voice."
Erethian,male,old,british,wise|calm|formal,characters_animation,high,"Elderly blind wizard with dry wit, scholarly formality, and archaic speech patterns suits a wise, calm British elder voice."
Fenn,male,middle_aged,british,calm|grumpy|soft,characters_animation,medium,"A resigned, dignified beggar with dry wit and quiet bitterness, neither fully hopeless nor cheerful."
Feridwyn,male,middle_aged,british,formal|calm|serious,characters_animation,high,"Feridwyn is a pious, formal Fellowship shelter operator who speaks in measured, moralistic tones with clear authority and composure."
Ferryman,male,old,british,raspy|deep|meditative,characters_animation,high,"Ancient skeletal ferryman with slow, ethereal speech patterns demands a deep, raspy, meditative voice evoking undead weariness and timeless duty."
Figg,male,middle_aged,british,sassy|confident|grumpy,characters_animation,high,"Figg is a self-important, petty gatekeeper who alternates between snobbish condescension and crooked Fellowship scheming, demanding a smug, sharp British delivery."
Finnigan,male,middle_aged,british,formal|serious|confident,characters_animation,high,"Finnigan is a formal, dutiful mayor speaking in archaic Britannian prose, fitting a serious, authoritative British male voice."
Fodus,male,middle_aged,british,raspy|rough|anxious,characters_animation,high,"Sickly, delirious gargoyle miner addicted to venom; raspy and rough voice with anxious, deteriorating delivery suits his diseased, drugged state."
For Lem,male,middle_aged,standard,calm|gentle|wise,characters_animation,high,"For-Lem is a thoughtful, soft-spoken gargoyle scholar-figure who speaks in ritualistic infinitive constructions, conveying gentle wisdom and cultural pride."
Foranamo,male,middle_aged,british,grumpy|intense|rough,characters_animation,high,"Foranamo is an angry, hostile gargoyle miner who is openly menacing and aggressive toward humans, demanding a rough, intense voice."
Forbrak,male,middle_aged,british,calm|formal|neutral,characters_animation,medium,"Gargoyle speech uses ritualistic infinitive constructions suggesting measured, formal, calm delivery with a neutral fantastical tone."
Forskis,male,middle_aged,british,intense|rough|raspy,characters_animation,medium,"Wingless gargoyle minion whose only line is a savage battle cry demands an intense, rough, aggressive voice."
Forsythe,male,middle_aged,british,anxious|formal|soft,characters_animation,high,"Forsythe is a cowering, anxious ghost of a middle-aged mayor who speaks in archaic formal Britannian English while showing fearful, wavering resolve."
Frank,male,middle_aged,british,sassy|confident|calm,characters_animation,high,"Frank is a witty, sardonic talking fox who delivers cutting observations with composed, eloquent self-assurance and a scholarly Britannian tone."
Fred,male,middle_aged,british,pleasant|casual|calm,characters_animation,medium,"Fred is a friendly market farmer whose welcoming, easygoing sales dialog suits a pleasant, casual, calm British tradesman voice."
Gargan,male,old,british,raspy|rough|casual,characters_animation,high,"Elderly, pipe-smoking shipwright with a lung ailment; raspy and rough voice fits his sickly, weathered sea-trade character perfectly."
Garok,male,middle_aged,british,anxious|intense|grumpy,characters_animation,high,"A frazzled, lost mage prone to outbursts and self-argument needs an anxious, intense delivery with classic Britannian British tones."
Garritt,male,young,british,confident|upbeat|casual,characters_animation,high,"Young boy, self-assured and preachy with Fellowship dogma, excitable about panpipes, yet capable of guilty pleading when caught."
Gaye,female,middle_aged,british,pleasant|upbeat|casual,characters_animation,high,"Gaye is a cheerful, friendly shopkeeper and Fellowship devotee with an enthusiastic, welcoming demeanor throughout her dialog."
Geoffrey,male,old,british,confident|mature|deep,characters_animation,high,"Veteran warrior and centuries-old Captain of the Guard; commands authority with a deep, confident, seasoned British military bearing."
Gharl,male,middle_aged,british,grumpy|rough|deep,characters_animation,high,"Gharl is a growling, imprisoned troll with broken speech patterns, clearly needing a deep, rough, grumpy voice."
Gilberto,male,middle_aged,british,grumpy|rough|serious,characters_animation,high,"Described explicitly as grumpy, injured, and stoic — a weathered gate guard with a no-nonsense, rough demeanor."
Gladstone,male,middle_aged,british,confident|intense|calm,characters_animation,high,"Guild head craftsman described as handsome with intense piercing gaze, treating strangers warmly but asserting authority when threatened."
Glenno,male,middle_aged,british,sassy|confident|pleasant,characters_animation,high,"Glenno is a charming, flirtatious bathhouse manager with a roguish, salesman-like charisma and mischievous air."
Gordon,male,middle_aged,british,upbeat|casual|confident,characters_animation,high,"Enthusiastic Fellowship member and street vendor with a friendly, salesman energy and hopeful ambitions toward Buccaneer's Den gambling."
Gordy,male,middle_aged,british,grumpy|confident|rough,characters_animation,high,"Gordy is a scheming, threatening gambling house overseer with a roguish pirate-isle personality — gruff, self-important, and intimidating."
Gorn,male,middle_aged,german,intense|confident|rough,characters_animation,high,"Gorn's dialog is heavily phonetically spelled to convey a thick Germanic accent, and his warrior personality reads as intense and rough."
Goth,male,middle_aged,british,grumpy|rough|confident,characters_animation,high,"Corrupt, greedy prison guard who speaks with cruel contempt and mockery, demanding bribes and insulting the player."
Grayson,male,middle_aged,british,confident|casual|upbeat,characters_animation,high,"Shrewd, Fellowship-devoted merchant who transformed from timid to aggressively cheerful and salesman-like."
Greg,male,middle_aged,british,grumpy|casual|confident,characters_animation,high,"Greg is a suspicious, chatty British shopkeeper who oscillates between flustered embarrassment and self-important boasting about his royal supplier status."
Gregor,male,middle_aged,british,formal|confident|serious,characters_animation,high,"Corporate director who speaks with authoritative, formal British diction, promoting BMC while dismissing dissenters with composed superiority."
Grod,male,middle_aged,british,rough|grumpy|deep,characters_animation,high,"Troll enforcer-torturer with broken speech patterns, brutish pride, and menacing demeanor suits a deep, rough, grumpy voice."
Guard,male,middle_aged,british,serious|confident|grumpy,characters_animation,high,"A rigid, honor-obsessed Trinsic guard with disciplinarian speech patterns and dismissive authority suits a serious, confident British male voice."
Guardian,male,old,british,deep|intense|confident,characters_animation,high,"The Guardian is a titanic, malevolent interdimensional villain requiring a commanding, deep, theatrically intense voice with gravitas."
Henry,male,young,british,anxious|pleasant|casual,characters_animation,medium,"Henry is a lovesick young peddler, emotionally distressed over a lost locket, suggesting an earnest, slightly anxious and pleasant demeanor."
Hook,male,middle_aged,british,intense|rough|confident,characters_animation,medium,"Hook is a cold, brutal assassin and Fellowship enforcer, fitting an intense, rough, confident British-accented male voice."
Horance,male,old,british,intense|formal|mature,characters_animation,high,"Horance is an ancient undead liche mage with haughty sardonic menace, fitting an intense, formal, mature British aristocratic delivery."
Horffe,male,middle_aged,british,serious|formal|deep,characters_animation,high,"Gargoyle captain of the guard with stern, dutiful demeanor and formal infinitive speech pattern suits a deep, serious military voice."
Ian,male,young,british,pleasant|calm|confident,characters_animation,high,"Ian is a young, charming, genial Fellowship director whose dialog is warm, composed, and authoritatively welcoming — fitting a pleasant, calm, confident voice."
Inforlem,male,middle_aged,standard,serious|formal|deep,characters_animation,medium,"Gargoyle trainer speaks in formal, ritualistic infinitive constructions suggesting a deep, serious, non-human cadence distinct from standard Britannian British."
Inmanilem,male,middle_aged,standard,calm|formal|gentle,characters_animation,high,"Gargoyle healer speaks in the distinctive infinitive-based gargoyle dialect, suggesting a measured, formal, and calm delivery with a neutral non-British accent."
Inwisloklem,male,old,british,formal|wise|calm,characters_animation,medium,"Elder gargoyle diplomat and council member speaks in a formal, ritualistic syntax suggesting a wise, measured, dignified tone."
Iolo,male,old,british,pleasant|confident|casual,characters_animation,high,"Iolo is a centuries-old jovial bard and adventurer, warm and witty with a classic Britannian noble-yet-folksy demeanor."
Iriale,female,young,british,intense|confident|serious,characters_animation,high,"Fierce guard who issues blunt threats and demands, conveying intense warrior confidence with a classic Britannian tone."
Iskander,male,old,british,wise|deep|calm,characters_animation,high,"Ancient cyclops hero, nearly a century old, speaks with formal eloquence, philosophical self-awareness, and measured gravitas befitting a legendary wanderer."
Jaana,female,middle_aged,british,calm|confident|wise,characters_animation,high,"Jaana is a seasoned druid companion — composed, authoritative, and gently witty, fitting a calm, wise British female voice."
Jakher,male,middle_aged,british,confident|serious|calm,characters_animation,high,"Stern military trainer who speaks with measured authority, strategic wit, and disciplined self-assurance suits a confident, serious British male voice."
James,male,young,british,grumpy|anxious|casual,characters_animation,high,"James is a young, reluctant innkeeper who complains constantly about his job and marriage, conveying grumpy anxiety with casual British speech."
Jeanette,female,young,british,pleasant|upbeat|casual,characters_animation|conversational,high,"Young barmaid who is cheerful, flirtatious, and friendly, giggling and offering discounts in a warm tavern setting."
Jehanne,female,young,british,gentle|anxious|soft,characters_animation,high,"Jehanne is a devoted, emotionally conflicted young noblewoman who speaks with trembling vulnerability and barely suppressed distress about her husband."
Jergi,male,middle_aged,german,wise|mature|calm,characters_animation,high,"Gypsy king with heavy Eastern European accent (v/w substitution), bearing a sorrowful dignity and leadership responsibility."
Jesse,male,middle_aged,british,confident|formal|intense,characters_animation,medium,"Self-important theatrical British actor prone to grand pronouncements and falsetto; confident, formal, and intensely performative delivery suits him."
Jillian,female,middle_aged,received pronunciation,professional|formal|wise,characters_animation,high,"Jillian is a refined Lycaeum scholar and trainer who speaks formally and authoritatively, fitting a polished, educated British tone."
John Paul,male,middle_aged,british,formal|calm|mature,characters_animation,high,"Noble ruler of a paladin fortress; dialog is courteous, formal, and measured, befitting a refined British lord."
Johnson,male,middle_aged,british,serious|confident|formal,characters_animation,high,"Dutiful gate guard with formal, rule-bound speech patterns suits a serious, confident British male voice."
Jordan,male,middle_aged,british,confident|sassy|calm,characters_animation,high,"Jordan is a sarcastic, self-assured knight shopkeeper whose patronizing wit and formal speech suit a confident, sassy British male voice."
Joseph,male,young,british,confident|formal|calm,characters_animation,high,"Young mayor of a warrior town who balances administrative authority with swordsmanship, projecting composed, self-assured formality despite his youth."
Judith,female,middle_aged,british,pleasant|sad|calm,characters_animation,high,"Judith is a passionate but emotionally burdened music teacher, warm and pleasant yet tinged with quiet sadness over her troubled marriage."
Julia,female,middle_aged,british,confident|serious|mature,characters_animation,high,"Julia is a centuries-old veteran companion, pragmatic and direct, with a measured, no-nonsense tone fitting a seasoned tinker-adventurer."
Kallibrus,male,middle_aged,british,calm|formal|deep,characters_animation,high,"Gargish mercenary speaks in formal infinitive-heavy dialect, reserved demeanor suits a calm, deep, formal tone."
Karenna,female,middle_aged,british,confident|sassy|calm,characters_animation,high,"Karenna is a self-assured female combat trainer who speaks with dry wit, light flirtation, and confident authority."
Karl,male,middle_aged,british,grumpy|rough|intense,characters_animation,high,"Karl is a cantankerous, bitter hermit with a strong disdain for society, demanding a gruff, rough, and intensely irritable voice."
Katrina,female,middle_aged,british,gentle|pleasant|calm,characters_animation,high,"Katrina is a kind, longtime companion speaking with gracious warmth—gentle, pleasant, and calm in her Britannian demeanor."
Kelly,female,middle_aged,british,pleasant|calm|confident,characters_animation,high,"Sturdy, hospitable farmer's wife running a market stall; pleasant and grounded with a welcoming, no-nonsense demeanor."
Kessler,male,middle_aged,british,professional|calm|serious,characters_animation,high,"Kessler is a scholarly apothecary working for Lord British, speaking in measured, clinical tones about poisons and research."
Kissme,female,young,british,excited|cute|upbeat,characters_animation,high,"Kissme is an exuberant, giggling fairy who speaks in rapid, repetitive exclamations of love and wonder, demanding a bright, bubbly, childlike voice."
Kliftin,male,old,british,grumpy|rough|mature,characters_animation,high,"Retired soldier running an armory; weary, hardened tone with dismissive gruffness about war and dueling madness fits grumpy and rough."
Klog,male,middle_aged,british,pleasant|calm|confident,characters_animation,high,"Klog is a charismatic, outwardly genial Fellowship leader who masks sinister intent behind warm, composed, persuasive rhetoric."
Komor,male,middle_aged,british,grumpy|raspy|rough,characters_animation,high,"Bitter, sharp-tongued crippled beggar with sardonic wit and clear resentment; raspy and rough tone fits his hardscrabble existence."
Kreg,male,middle_aged,british,calm|casual|confident,characters_animation,medium,"Kreg poses as a studious monk but is secretly a criminal, requiring a deceptively calm and casual demeanor with measured confidence."
Kristy,female,young,british,cute|upbeat|soft,characters_animation,high,"Kristy is a toddler foundling whose dialog is simple, playful, and enthusiastic, requiring a cute, soft young child voice."
Lap Lem,male,middle_aged,standard,calm|sad|gentle,characters_animation,high,"Gargoyle speech pattern is formal and melancholic, reflecting isolation and longing; non-human warrants neutral standard accent over British."
Lasher,neutral,old,british,wise|anxious|formal,characters_animation,high,"Ancient, intelligent unicorn speaks in formal archaic tone with weary wisdom and nervous sensitivity about physical contact."
Leavell,male,middle_aged,british,rough|confident|intense,characters_animation,high,"Leavell is a dangerous ruffian bodyguard who casually balances daggers and brags about criminal exploits, suggesting a rough, confident, intimidating male voice."
Leigh,female,middle_aged,british,calm|gentle|professional,characters_animation,high,"A composed, courteous healer in a paladin fortress, speaking with measured grace and formal Britannian courtesy."
Liana,female,young,british,professional|sassy|serious,characters_animation,high,"Liana is a prim, judgmental clerk with sharp opinions about townsfolk, suggesting a proper but subtly catty professional demeanor."
Lord British,male,middle_aged,received pronunciation,wise|formal|mature,characters_animation|narrative_story,high,"Lord British is a regal, long-ruling sovereign speaking in archaic formal English, demanding a distinguished, authoritative RP British tone."
Lord Heather,male,old,british,formal|pleasant|mature,characters_animation,high,"A regal, well-liked mayor who speaks in formal Britannian dialect with warmth and civic pride suits a distinguished elderly British gentleman."
Lucky,male,middle_aged,british,confident|casual|raspy,characters_animation,high,"Boisterous, self-assured pirate trainer who laughs loudly and boasts of worldly experience; swaggering yet charismatic rogue energy."
Lucy,female,middle_aged,british,pleasant|upbeat|casual,characters_animation,high,"Lucy is a jovial, warm fifties tavern owner who laughs freely, flirts playfully, and welcomes guests with cheerful enthusiasm."
Mack,male,middle_aged,british,anxious|intense|casual,characters_animation,high,"Rural chicken farmer obsessed with star creatures, speaking with nervous urgency and desperation to be believed."
Magenta,female,middle_aged,british,confident|pleasant|sassy,characters_animation,medium,"Magenta is a self-composed but emotionally expressive mayor with a feisty, pleasant demeanor and occasional fiery outbursts about her roguish husband."
Malloy,male,middle_aged,british,confident|casual|grumpy,characters_animation,medium,"Malloy is a self-important, bumbling miner with a pompous smirk, fitting a confident yet casually grumpy British comic character."
Mama,female,middle_aged,british,grumpy|rough|casual,characters_animation,medium,"Mama is a blunt, emotionally expressive cyclops woman — feisty and loving but quick to anger, suggesting a rough yet casual maternal voice."
Mandy,female,middle_aged,british,casual|sassy|confident,characters_animation,high,"Tavern keeper on a pirate island, gossipy and witty with a sharp tongue and knowing humor about her rough clientele."
Mara,female,middle_aged,british,grumpy|rough|confident,characters_animation,high,"Mara is a well-muscled, hot-tempered miner with a blunt, hostile attitude toward gargoyles, suggesting a rough, gruff female voice."
Margareta,female,middle_aged,romanian,wise|calm|meditative,characters_animation,high,"Gypsy fortune-teller with heavy Eastern European accent (v/w substitution), mystical and composed demeanor fitting a drabarni seer."
Mariah,female,middle_aged,british,pleasant|gentle|soft,characters_animation,medium,"Mariah is a refined, warm mage who seems mentally distracted yet kindly, suggesting a soft and pleasant demeanor with classic Britannian speech."
Markham,male,old,british,grumpy|casual|raspy,characters_animation,high,"Markham is a corpulent ghost barkeep with slurred, folksy speech and a weathered, jovial-but-worn undead tavern-keeper persona."
Markus,male,middle_aged,british,grumpy|confident|casual,characters_animation,high,"Markus is a bored, gruff combat trainer who speaks curtly and yawns frequently, suggesting a weary, no-nonsense demeanor."
Martine,female,young,british,sassy|pleasant|confident,characters_animation,high,"Martine is a flirtatious, charming hostess whose playful winks and honey-sweet dialog call for a sassy, confident, pleasant female voice."
Martingo,male,middle_aged,british,sassy|grumpy|casual,characters_animation,medium,"Martingo is a delusional, pompous self-styled sultan who giggles conspiratorially and speaks with theatrical dismissiveness, fitting sassy and grumpy tones."
Max,male,young,british,upbeat|excited|cute,characters_animation,high,"Max is a hyper, laughing toddler in Castle Britannia who throws pacifiers and sings nursery rhymes, demanding an energetic, cute child voice."
Menion,male,middle_aged,british,confident|deep|professional,characters_animation,high,"Seasoned paladin weaponsmith and trainer; authoritative, measured speech with formal Britannian cadence suits a confident, deep-voiced professional."
Merrick,male,middle_aged,british,anxious|grumpy|casual,characters_animation,high,"Merrick is a nervous, bitter former farmer turned Fellowship recruiter who oscillates between sycophantic and snide, suggesting an anxious, grumpy middle-aged British voice."
Meryl,female,middle-aged,british,serious|formal|intense,characters_animation,high,"Middle-aged actress delivering dramatic Passion Play verse with serious, theatrical intensity in a knightly Britannian setting."
Mikos,male,middle_aged,british,grumpy|rough|intense,characters_animation,high,"Mikos is a surly, sneering mine foreman who sighs and spits — gruff, rough-edged, and intensely irritable."
Millie,female,young,british,upbeat|excited|pleasant,characters_animation,high,"Millie is a cute, enthusiastic Fellowship recruiter who beams with energy and speaks with eager, breathless devotion to her cause."
Miranda,female,middle_aged,british,professional|confident|formal,characters_animation,high,"Miranda is a composed, politically engaged Great Council member who speaks with formal authority and measured conviction."
Mole,male,old,british,grumpy|rough|mature,characters_animation,high,"Aging retired pirate with salty, world-weary humor and classic seafarer speech patterns suits a gruff, rough older British voice."
Mordra,female,middle_aged,british,wise|calm|soft,characters_animation,high,"Mordra is a worldly ghost healer-mage speaking with measured authority, quiet slyness, and kind gravitas befitting a spectral magical elder."
Morfin,male,middle_aged,british,sassy|confident|grumpy,characters_animation,high,"Morfin is a scheming, self-important butcher whose dialog drips with insincerity, defensiveness, and smug self-interest."
Morz,male,young,british,anxious|soft|gentle,characters_animation,high,"Shy, stuttering young farmer who blushes and looks away, needing a nervous, gentle, soft-spoken male voice."
Nanna,female,old,british,gentle|soft|mature,characters_animation,high,"Elderly castle nursemaid with a kind, grandmotherly demeanor fitting a refined British caretaker voice."
Nastassia,female,young,british,gentle|soft|sad,characters_animation,high,"Young woman devoted to a shrine, grieving her parents' fates, speaking with quiet sorrow and tender vulnerability throughout."
Nell,female,young,british,pleasant|casual|upbeat,characters_animation,high,"Young castle chambermaid with a cheerful, chatty, self-deprecating personality; light and friendly British tone suits her station."
Nelson,male,middle_aged,british,pleasant|wise|gentle,characters_animation,high,"Nelson is a cultured, good-humored head librarian who speaks with scholarly warmth, gentle wit, and refined formality."
Neno,male,young,british,confident|upbeat|sassy,characters_animation,high,"Neno is a flamboyant, vain young bard brimming with self-confidence and theatrical charm, perfectly captured by upbeat sassiness."
Nicholas,neutral,young,british,cute|upbeat|excited,characters_animation,high,"Nicholas is a babbling toddler foundling, requiring a cute, energetic, childlike voice with simple excited utterances."
Nicodemus,male,old,british,raspy|intense|grumpy,characters_animation,high,"Nicodemus is an elderly, magically unhinged mage who erupts into nonsensical rhyming outbursts, demanding a raspy, grumpy, intense elder voice."
Nystul,male,old,british,gentle|formal|soft,characters_animation,high,"Elderly forgetful royal mage with formal but befuddled warmth suits a soft, gentle, formally-spoken old British voice."
Ophelia,female,young,british,sassy|pleasant|casual,characters_animation,high,"Flirtatious barmaid who giggles, whispers gossip, and delivers playful rhetorical jabs — sassy and charming young woman."
Owen,male,middle_aged,british,confident|grumpy|intense,characters_animation,high,"Owen is a boastful, self-important craftsman who swings between arrogant bluster and dramatic self-pity, demanding a confident, intense, slightly grumpy delivery."
Owings,male,middle_aged,british,casual|upbeat|grumpy,characters_animation,high,"Owings is a bumbling, cheerful yet dimwitted comic-relief miner whose slapstick physical gags and simple speech call for a jovial, slightly dopey working-class British voice."
Palace Guard,male,middle_aged,british,grumpy|confident|rough,characters_animation,high,"Sarcastic, blustery palace guard with strong cockney-flavored British speech patterns and an irritable, no-nonsense authoritarian demeanor."
Pamela,female,middle_aged,british,pleasant|upbeat|casual,characters_animation,high,"Friendly, flirtatious innkeeper in her thirties who is cheerful and warm, fitting a pleasant and upbeat tavern hostess."
Papa,male,middle_aged,british,grumpy|rough|casual,characters_animation,high,"Papa is a primitive, simple-minded cyclops who speaks in broken sentences with crude, earthy humor and occasional hostility."
Patterson,male,middle_aged,british,formal|anxious|confident,characters_animation,high,"Patterson is a pompous, self-important mayor who oscillates between blustering confidence and nervous guilt when caught in his affair."
Paul,male,middle_aged,british,formal|pleasant|confident,characters_animation,medium,"Paul is a theatrical troupe leader performing passion plays, suggesting a formal, pleasant stage presence with classical British delivery."
Paulette,female,young,british,sassy|pleasant|soft,characters_animation,high,"Flirtatious, coquettish young barmaid ghost who is playful and charming, with classic Britannian speech patterns."
Pendaran,male,middle_aged,british,grumpy|serious|intense,characters_animation,high,"Pendaran is a proud, hot-headed paladin knight who is defensive, ashamed, and morally conflicted—gruff and intense in tone."
Penni,female,young,british,pleasant|confident|casual,characters_animation,high,"Penni is a cheerful, warm female trainer who speaks with friendly confidence and light humor about her work and husband."
Penumbra,female,old,british,wise|intense|serious,characters_animation,high,"Ancient gypsy seer and powerful mage with visionary urgency; wise and intense tone suits her mystical, centuries-old persona."
Perrin,male,middle_aged,british,formal|wise|pleasant,characters_animation,high,"Perrin is a polite, learned scholar and trainer who speaks formally and humbly, befitting a studious abbey-dwelling academic."
Petre,male,middle_aged,british,anxious|rough|casual,characters_animation,high,"A working-class stable hand, visibly shaken by discovering a murder, speaks in plain anxious peasant dialect fitting a rough British commoner."
Phearcy,male,middle_aged,british,casual|pleasant|upbeat,characters_animation|conversational,high,"Chatty, sociable tavern keeper who gossips freely and engages customers warmly, suggesting a friendly, upbeat demeanor."
Polly,female,middle_aged,british,pleasant|confident|professional,characters_animation,high,"Proud, busy tavern owner who speaks formally but warmly, clearly taking professional pride in her establishment."
Quaeven,male,middle_aged,standard,calm|formal|meditative,characters_animation,high,"Gargoyle speech pattern is ritualistic and declarative; calm, formal, meditative tone suits his role as a devoted Fellowship member and facility manager."
Quan,male,middle_aged,standard,calm|gentle|soft,characters_animation,medium,"Quan is a soft-spoken, naïve, well-meaning gargoyle leader whose ritualistic infinitive speech pattern suggests a calm, gentle, non-human cadence."
Quenton,male,old,british,soft|sad|gentle,characters_animation,high,"Quenton is a mournful, gentle ghost who speaks in archaic, sorrowful tones about loss, guilt, and eternal haunting."
Rankin,male,middle_aged,british,formal|calm|confident,characters_animation,high,"Fellowship branch leader who speaks formally and persuasively, shifting between polished rhetoric and occasional embarrassment or sadness."
Rayburt,male,middle_aged,british,calm|meditative|soft,characters_animation,high,"Rayburt is a meditation-focused combat trainer whose dialog is consistently serene, measured, and introspective, fitting a calm, soft, meditative tone."
Raymundo,male,middle_aged,british,confident|classy|formal,characters_animation,high,"Flamboyant theatre director and playwright with grandiose speech suits a confident, classy, formal British voice."
Reyna,female,young,british,gentle|soft|pleasant,characters_animation,high,"Reyna is a compassionate young healer whose dialog shows emotional warmth, gentle humor, and tender care for others."
Richter,male,middle_aged,british,serious|formal|calm,characters_animation,high,"Richter is a dutiful paladin guard speaking in formal archaic English, suggesting a serious, composed, formally-toned British male voice."
Roberto,male,middle_aged,italian,confident|pleasant|casual,characters_animation,medium,"Roberto is a smooth, flirtatious bath-house host whose name and suave demeanor suggest a Mediterranean Italian persona."
Robin,male,middle_aged,british,confident|casual|sassy,characters_animation,high,"Robin is a roguish, smooth-talking professional gambler with a noble-bastard background — confident, slick, and casually unscrupulous."
Rowena,female,young,british,soft|sad|gentle,characters_animation,high,"Rowena is a melancholic young ghost, devotedly sorrowful and ethereally gentle, speaking in archaic courtly tones."
Rudyom,male,old,british,wise|anxious|grumpy,characters_animation,high,"Elderly, increasingly senile mage whose dialog blends learned wisdom with confused, fretful rambling about failing experiments and lost memory."
Runeb,male,middle_aged,british,deep|grumpy|intense,characters_animation,high,"Large, menacing gargoyle clerk who is dismissive and threatening, speaking in terse inverted syntax suggesting a deep, gruff, impatient voice."
Russell,male,middle_aged,british,calm|professional|neutral,characters_animation,high,"Russell is a practical, no-nonsense craftsman who speaks plainly and matter-of-factly about his trade and observations."
Rutherford,male,middle_aged,british,grumpy|raspy|casual,characters_animation,high,"One-armed, weary tavern barkeep with a rough, skeptical demeanor and mixed archaic/colloquial speech suggesting a gruff, weathered voice."
Salamon,female,old,standard,calm|wise|gentle,characters_animation,high,"Elderly female emp who speaks in a deliberate, passive-construction dialect suggesting serene, ancient wisdom and non-violent forest-dwelling nature."
Sam,male,middle_aged,british,gentle|pleasant|calm,characters_animation,high,"Sam is a content, bearded bohemian florist with gentle eyes and laugh lines, suggesting a warm, easygoing, soft-spoken middle-aged British man."
Saralek,female,middle_aged,standard,soft|gentle|calm,characters_animation,high,"Saralek is a shy, gentle emp speaking in distinctive passive-voice constructions, suggesting a soft, calm, otherworldly feminine presence."
Sarpling,male,middle_aged,standard,serious|calm|formal,characters_animation,medium,"Gargoyle speech uses terse, inverted syntax suggesting a formal, alien calm; standard accent suits a non-human species."
Sasha,male,young,british,sad|soft|gentle,characters_animation,high,"Young gypsy boy with sorrow-filled expression and Eastern European-inflected speech ('vise', 'vas', 'vork') conveying melancholy innocence."
Sean,male,middle_aged,british,confident|intense|serious,characters_animation,high,"Sean is a smug, zealous Fellowship devotee and jeweler whose condescending, dramatic dialog demands a confident, intense British delivery."
Seara,male,middle_aged,british,calm|professional|gentle,characters_animation,high,"Seara is a polite, measured craftsman who speaks formally and courteously, suggesting a calm, professional British tone."
Sentri,male,middle_aged,british,confident|casual|intense,characters_animation,high,"Seasoned swordsman companion with swaggering confidence, dry wit, and professional pride in his combat training."
Shamino,male,middle_aged,british,calm|confident|pleasant,characters_animation,high,"Shamino is a seasoned, noble ranger companion — calm, loyal, and measured, with classic Britannian formal speech patterns."
Shanda,male,old,british,intense|grumpy|deep,characters_animation,high,"Shanda is a monstrous, aggressive hydra head who menaces prey with arrogant, threatening bravado, warranting a deep, intense, grumpy delivery."
Shando,male,middle_aged,british,grumpy|rough|intense,characters_animation,medium,"Shando is one head of a fierce three-headed hydra, suggesting a deep, rough, aggressively animalistic voice with distinct personality."
Shandu,male,old,british,deep|grumpy|intense,characters_animation,high,"Shandu is a bickering, ancient monster guard—deep, gruff, and irritably theatrical, fitting a classic British fantasy creature voice."
Sherry,female,old,british,gentle|pleasant|wise,characters_animation,high,"Sherry is a long-lived, intelligent, storytelling mouse companion — warm, refined, and grandmotherly in tone despite her playful energy with children."
Shrine,neutral,old,received pronunciation,wise|formal|calm,characters_animation|narrative_story,high,"The Shrine is an ancient, divine supernatural entity speaking in archaic formal tones, bestowing blessings and wisdom upon the Avatar."
Silamo,male,middle_aged,british,grumpy|serious|rough,characters_animation,medium,"Wingless gargoyle gardener, excluded and resentful, speaks in clipped formal constructions with a scowling, bitter demeanor."
Sintag,male,middle_aged,british,grumpy|rough|intense,characters_animation,high,"Described as Britannia's meanest toughest guard, dismissive and menacing in dialog, fitting a rough intimidating enforcer voice."
Sir Jeff,male,middle_aged,british,serious|formal|confident,characters_animation,high,"A stern, suspicious High Court judge demands a formal, serious, authoritative British tone befitting Britannia's judiciary."
Smith,male,middle_aged,british,sassy|casual|confident,characters_animation,high,"Smith is a wisecracking, sarcastic talking horse with dry wit and dismissive attitude, needing a confident, sassy delivery."
Smithy,male,middle_aged,british,confident|formal|calm,characters_animation,medium,"Well-dressed pirate croupier exudes polished authority enforcing house rules, suggesting a confident, formal, calm British demeanor."
Snaz,male,middle_aged,british,casual|sassy|upbeat,characters_animation,high,"Snaz is a witty street comedian/beggar whose self-deprecating humor and playful sarcasm call for a light, cheeky British delivery."
Spark,male,young,british,excited|anxious|intense,characters_animation,high,"Fourteen-year-old grieving but determined boy, emotionally volatile, swinging between fear, excitement, and fierce resolve."
Sprellic,male,middle_aged,british,anxious|casual|grumpy,characters_animation,high,"Sprellic is a flustered, long-suffering innkeeper who recounts chaotic tales with exasperated, wordy storytelling typical of a middle-aged British tavern owner."
Stuart,male,middle_aged,british,confident|formal|intense,characters_animation,high,"Stuart is a pompous, booming-voiced theatrical actor who demands attention, suiting a confident, formal, intense British male voice."
Sullivan,male,middle_aged,british,sassy|confident|casual,characters_animation,high,"Sullivan is a charming, self-aware con-artist who speaks with witty, roguish confidence and ironic detachment about his own misdeeds."
Syria,female,middle_aged,british,confident|intense|serious,characters_animation,high,"Syria is a hardened mercenary fighter and headmistress who speaks with commanding authority, direct aggression, and no-nonsense warrior pride."
Tavenor,neutral,middle_aged,standard,gentle|soft|calm,characters_animation,high,"Emps are cautious, peaceful ape-like creatures speaking in passive/inverted syntax, suggesting a gentle, slow, non-human calm tone."
Taylor,male,middle_aged,british,calm|gentle|wise,characters_animation,medium,"Taylor is a studious, nature-loving monk who speaks thoughtfully and kindly, fitting a calm, gentle, scholarly British tone."
Teregus,male,old,standard,wise|formal|calm,characters_animation,high,"Elder gargoyle sage speaking in ritualistic infinitive-verb dialect, tending sacred shrines with solemn, measured wisdom."
Thad,male,middle_aged,british,intense|serious|confident,characters_animation,high,"Thad is a zealous, single-minded crusader whose aggressive, dramatic dialog demands an intense, serious, confident delivery."
Thurston,male,middle_aged,british,sad|calm|grumpy,characters_animation,high,"Lonely, world-weary miller who speaks with quiet resignation, mild social awkwardness, and occasional gruff wariness."
Tiery,male,middle_aged,british,grumpy|rough|casual,characters_animation,high,"Eccentric, defensive undertaker with strong cockney-flavored dialect ('Oi', dropped H's), unkempt yet oddly chipper demeanor."
Time Lord,male,old,received pronunciation,wise|formal|calm,characters_animation,high,"Ancient, omniscient guardian of time speaks in archaic, measured tones befitting a transcendent being of immense gravitas."
Timmons,male,young,british,serious|confident|formal,characters_animation,high,"Young, mannered aspiring duelist who speaks formally and carries himself with earnest, gentlemanly determination."
Tobias,male,young,british,anxious|soft|casual,characters_animation,high,"Teenage boy from a humble farming village, sulky and uncertain, speaks nervously about theft accusations and grief."
Tolemac,male,middle_aged,british,calm|pleasant|gentle,characters_animation,medium,"Tolemac is a humble, earnest farmer and Fellowship devotee who speaks politely and warmly with a calm, gentle demeanor."
Tory,female,young,british,gentle|calm|wise,characters_animation,high,"Tory is a empathic druid counselor and young mother — thoughtful, nurturing, and perceptive — with classic Britannian formal speech patterns."
Trellek,neutral,middle_aged,standard,gentle|calm|soft,characters_animation,medium,"Trellek is a non-human emp with cautious, gentle curiosity and a distinctive passive-voice speech pattern suggesting an alien but warm demeanor."
Trent,male,middle_aged,british,grumpy|deep|intense,characters_animation,high,"Trent is a brooding, passionate ghost blacksmith—physically imposing, emotionally volatile, and driven by grief and rage."
Tseramed,male,middle_aged,british,calm|wise|mature,characters_animation,high,"Tseramed is a seasoned woodsman who speaks in thoughtful, nature-worn prose with archaic courtesy, suggesting a calm, wise, mature British voice."
Vokes,male,young,british,confident|deep|excited,characters_animation,high,"Vokes is a boisterous, booming young mercenary brawler who brags loudly and relishes combat with theatrical enthusiasm."
Wayne,male,young,british,gentle|anxious|pleasant,characters_animation,high,"Wayne is a flustered, good-natured young monk who blushes and speaks sheepishly, suggesting a gentle, mildly anxious, pleasant demeanor."
Wench,female,young,british,sassy|pleasant|confident,characters_animation,high,"Flirtatious, playful spa worker on a pirate island; young, confident, and sassy with a coy charm."
Weston,male,middle_aged,british,serious|calm|mature,characters_animation,high,"Imprisoned father speaking with dignified resignation and moral clarity, calm but emotionally burdened."
William,male,middle_aged,british,anxious|intense|casual,characters_animation,high,"William is a nervous, overwrought Fellowship member whose dialog shows anxious energy, excitability, and emotional volatility typical of a worried craftsman."
Willy,male,middle_aged,british,confident|upbeat|pleasant,characters_animation,high,"Willy is a proud, cheerful master baker, self-assured about his craft and charm, warranting a warm, confident, upbeat British voice."
Wis Sur,male,middle_aged,british,intense|grumpy|rough,characters_animation,high,"Wis-Sur is a suspicious, volatile gargoyle mage who screams at humans and overcharges, suggesting an intense, rough, grumpy delivery."
Wislem,male,middle_aged,british,wise|formal|calm,characters_animation,high,"Stately gargoyle royal adviser with dignified, formal speech patterns befitting a wise diplomatic representative to the crown."
Xanthia,female,young,british,pleasant|upbeat|calm,characters_animation,high,"Described as cheerful with bright eyes, she speaks politely and warmly with occasional mild indignation, fitting a pleasant young artisan."
Xorinia,neutral,old,standard,robotic|calm|formal,characters_animation,high,"Wisp hivemind entity speaks in detached, clinical third-person with alien formality, warranting a neutral, robotic, eerily calm voice."
Yongi,male,middle_aged,scottish,grumpy|casual|raspy,characters_animation,high,"Yongi's dialect ('wouldna', 'dinna', 'ye', ''e does') strongly suggests a Scottish brogue; gruff, suspicious tavern-keeper demeanor fits grumpy and raspy."
Yvella,female,young,british,anxious|intense|grumpy,characters_animation,high,"Young jealous housewife prone to outbursts about gargoyles and a suspected rival, emotionally volatile and indignant throughout."
Zaksam,male,middle_aged,british,grumpy|serious|confident,characters_animation,medium,"Zaksam is a seasoned, opinionated trainer with a distrustful, somewhat cantankerous attitude toward gargoyles and certain townsfolk."
Zelda,female,middle_aged,british,professional|calm|formal,characters_animation,high,"Zelda is a composed, organized administrative professional at a scholarly institution, speaking in a formal, measured, and occasionally sardonic tone."
Zella,female,young,british,confident|intense|serious,characters_animation,high,"Young female boxing trainer in Britain; dialog is assertive, disciplined, and direct, reflecting a confident, intense martial instructor."
Zinaida,female,middle_aged,british,pleasant|confident|casual,characters_animation,high,"Attractive, flirtatious tavern owner in her forties with charm, warmth, and pride in her establishment."
Zorn,male,middle_aged,british,grumpy|deep|serious,characters_animation,high,"A weathered Minoc blacksmith with a rigid, coal-eyed expression and blunt, no-nonsense speech suits a deep, gruff, serious tone."
