npc_name,city,voice_id,voice_name,preview_url,assigned_at
Abraham,Endgame,agL69Vji082CshT65Tcy,"Blackwood - Sinister, Posh and British",https://storage.googleapis.com/eleven-public-prod/database/workspace/bfad24883ac04636b8b51cc683f75efb/voices/agL69Vji082CshT65Tcy/I9Wu7PEzYWb9jPLPThRB.mp3,2026-04-18 20:48:31
Addom,Moonglow,DikmR0aoFXAp1A3NcovW,"Sam - Soft, Slightly Welsh and Friendly",https://storage.googleapis.com/eleven-public-prod/database/workspace/9f05f979c72340768947b6ee73911a61/voices/DikmR0aoFXAp1A3NcovW/ed9a9c15-edcf-492a-aff4-b3222f19659b.mp3,2026-04-18 20:51:28
Adjhar,Forge of Virtue,X2295PCUkl7636D0KoSI,"Lucifer - Deep, Low and Growly",https://storage.googleapis.com/eleven-public-prod/custom/voices/X2295PCUkl7636D0KoSI/z3X7eEwQdjzSJGH8K6U0.mp3,2026-04-19 01:36:17
Aimi,Yew,dTmTLshIypwp08eftJH6,Sylvie,https://storage.googleapis.com/eleven-public-prod/database/workspace/2745eef50b3b4588bfe24462680afd3b/voices/dTmTLshIypwp08eftJH6/CwCSg0ZnavoyYD3Z8Iz6.mp3,2026-04-18 23:58:38
Alagner,New Magincia,0SpgpJ4D3MpHCiWdyTg3,"Matthew Schmitz - Elitist, Arrogant, Conniving Tyrant",https://storage.googleapis.com/eleven-public-prod/database/workspace/d309ea25683d4d97b92e44772a430c74/voices/0SpgpJ4D3MpHCiWdyTg3/jeBADcJaT9DvZP2cOlpx.mp3,2026-04-19 00:21:39
Alina,Paws,Zud7UVz6aX7VRZfxe9nP,Beatrice,https://storage.googleapis.com/eleven-public-prod/database/workspace/0ba6adf3c96c4fd2ad160da7dcd8346d/voices/Zud7UVz6aX7VRZfxe9nP/TKQ5AOkNY5dZu6a1mK9h.mp3,2026-04-18 22:45:53
Amanda,Dagger Isle,GsjQ0ydx7QzhDLqInGtT,"Olivia - Suspenseful, British and Calm",https://storage.googleapis.com/eleven-public-prod/database/workspace/ed9b05e6324c457685490352e9a1ec90/voices/GsjQ0ydx7QzhDLqInGtT/MXzapEirnCIyb8hqqHzq.mp3,2026-04-19 02:04:21
Amber,Britain,GPTk4QbvF7snDhImF5UF,Lucie - Clear and Professional Actress,https://storage.googleapis.com/eleven-public-prod/database/workspace/6164eca380434d80b03904bfb2efe0ab/voices/GPTk4QbvF7snDhImF5UF/4SzX78tlaDCaedFv7Ng1.mp3,2026-04-18 20:27:24
Andrew,Paws,TUupbYgkrwMXwMB2cmVJ,Robert - British Explainer Voice ,https://storage.googleapis.com/eleven-public-prod/database/workspace/502d264ccfcc4609a647a17b2d12e11a/voices/TUupbYgkrwMXwMB2cmVJ/EeIEURcZDIr9X72gEI3h.mp3,2026-04-18 22:46:13
Anmanivas,Vesper,xHxp1c5pQOzhWjBqV78M,Garrison - Rugged and Stoic,https://storage.googleapis.com/eleven-public-prod/database/workspace/1da06ea679a54975ad96a2221fe6530d/voices/xHxp1c5pQOzhWjBqV78M/ewG0kUzbhCSLSUU21CsP.mp3,2026-04-19 01:05:43
Ansikart,Vesper,8BWxz4Gm4lqwJSfubGb8,"Roxby - Calm, Resonant and Soothing",https://storage.googleapis.com/eleven-public-prod/database/workspace/fa76a3aa479e47108d7ff12d360d91eb/voices/8BWxz4Gm4lqwJSfubGb8/HuVH9zOG7aOVem8kzkk4.mp3,2026-04-19 01:06:53
Anton,Buccaneer's Den,bTrXJpbeuC5KgriLhQeC,Peter,https://storage.googleapis.com/eleven-public-prod/database/workspace/1da06ea679a54975ad96a2221fe6530d/voices/bTrXJpbeuC5KgriLhQeC/VM0T1wrxlg7KPFYZVaUz.mp3,2026-04-19 01:21:08
Apollonia,Trinsic,cENJycK4Wg62xVikqkaA,Izumi - Sultry and Demanding Diva,https://storage.googleapis.com/eleven-public-prod/database/workspace/7fecf268e01a428d8fba6ab8965f857c/voices/cENJycK4Wg62xVikqkaA/d3lDmG5WO2kjqKHnCrYo.mp3,2026-04-18 20:17:50
Arcadion,Forge of Virtue,cPoqAvGWCPfCfyPMwe4z,"Victor - Deep, Malevolent and Ancient",https://storage.googleapis.com/eleven-public-prod/database/workspace/7c2b4034a26145d0964a11c1c4a4bfa9/voices/cPoqAvGWCPfCfyPMwe4z/d7b24042-07ce-4fd5-aeff-dcf71edced52.mp3,2026-04-19 01:37:44
Aurvidlem,Vesper,NYkjXRso4QIcgWakN1Cr,Silas Vane - Sensory Relaxation Coach,https://storage.googleapis.com/eleven-public-prod/database/workspace/c9b65c63fc5d48858fd5a45fc70cd151/voices/NYkjXRso4QIcgWakN1Cr/Ecrq6ZN1KwFGVw6YDZKJ.mp3,2026-04-19 01:07:32
Auston,Vesper,v1Oa3bMmaLK6LwTzVkOy,Peter - Authority & Clarity ,https://storage.googleapis.com/eleven-public-prod/database/workspace/de90b12c403541018af9969f262fca56/voices/v1Oa3bMmaLK6LwTzVkOy/OsbGPDloFpcNQQwS8Qth.mp3,2026-04-19 01:07:59
Avatar,,4BAlflaQyhIcCfHiEI7x,Tess - Direct and Grounded,https://storage.googleapis.com/eleven-public-prod/database/workspace/1da06ea679a54975ad96a2221fe6530d/voices/4BAlflaQyhIcCfHiEI7x/d4cea334-38ca-47d5-a42a-905382e2d388.mp3,2026-04-19 02:23:46
Balayna,Moonglow,d1PjUBrElTJTH5EkXPZp,Helena Watson - Authoritative but warm ,https://storage.googleapis.com/eleven-public-prod/database/workspace/2ae7a3ead63a44afa0e4f859785cc636/voices/d1PjUBrElTJTH5EkXPZp/dfjgFCfxaWlZqDQSjovz.mp3,2026-04-19 00:35:47
Batlin,Britain,qWdiyiWdNPlPyVCOLW0h,"Aaditya - Soothing, Silky and Intimate",https://storage.googleapis.com/eleven-public-prod/database/workspace/ed9b05e6324c457685490352e9a1ec90/voices/qWdiyiWdNPlPyVCOLW0h/MpfEQOUPxzBWobzkbNPQ.mp3,2026-04-18 19:50:03
Battles,New Magincia,aGv5jHWKBy8K5xKvYeSX,"Sael - Smooth, dry-witted & quietly reassuring",https://storage.googleapis.com/eleven-public-prod/database/workspace/f1affe425a5841d88b0c1f6aa4666fc0/voices/aGv5jHWKBy8K5xKvYeSX/iijbdLVDbrj5j3iZ0Rwd.mp3,2026-04-19 00:23:00
Ben,Yew,kmuUqyzoZLUXn7KeBkuY,"Yannick - Calm, Friendly Senior",https://storage.googleapis.com/eleven-public-prod/database/workspace/ddac6e3f22444e08ad1bf24399a8b0eb/voices/kmuUqyzoZLUXn7KeBkuY/410bd3ba-3316-439b-9945-8cbf5322e12f.mp3,2026-04-19 00:00:44
Bennie,Britain,0lp4RIz96WD1RUtvEu3Q,"Grandfather Joe -  Gentle, warm & wise",https://storage.googleapis.com/eleven-public-prod/database/workspace/8ea18f54734242deb00d4fd70279d29f/voices/0lp4RIz96WD1RUtvEu3Q/T7ZcSRJXOlJc8t0VtXWA.mp3,2026-04-18 20:30:16
Betra,Terfin,CVP7d0EDsPO8YR2fweYp,Victor Hale,https://storage.googleapis.com/eleven-public-prod/database/workspace/42e4d30a6e964546ade309947a20dfa0/voices/CVP7d0EDsPO8YR2fweYp/ryVxyKkQgPF5b1rG7zCj.mp3,2026-04-19 00:51:32
Beverlea,Paws,xQoJctkjLbN6MAa5Ibhk,Molly Piper,https://storage.googleapis.com/eleven-public-prod/database/workspace/7ea0f0c57fa84951a18d82818bb55209/voices/xQoJctkjLbN6MAa5Ibhk/9m6jCO4tQ7cWnlQ6yeJu.mp3,2026-04-18 22:47:12
Blacktooth,Buccaneer's Den,PPzYpIqttlTYA83688JI,Pirate Marshal,https://storage.googleapis.com/eleven-public-prod/custom/voices/PPzYpIqttlTYA83688JI/F760DH2kQnSS41dOX4lB.mp3,2026-04-16 06:11:54
Blorn,Vesper,c8MZcZcr0JnMAwkwnTIu,Jay - Proper Mancunian,https://storage.googleapis.com/eleven-public-prod/database/workspace/00abe452de894e0296475dc975034b7a/voices/c8MZcZcr0JnMAwkwnTIu/TCPnFFewYGMYUHmb0BX1.mp3,2026-04-19 01:08:24
Bollux,Forge of Virtue,lL4hpA5hxNF3ovpnRQT5,Barry - Gentle English Male mindful,https://storage.googleapis.com/eleven-public-prod/database/workspace/10d47b04c8ef457a8144c00fac7028a6/voices/lL4hpA5hxNF3ovpnRQT5/KHLfcIplmbf9XSq9QtUd.mp3,2026-04-19 01:39:26
Boots,Britain,2qQJWjw5XdG80GreshqG,Eleanor – Gracious and Authoritative,https://storage.googleapis.com/eleven-public-prod/database/workspace/1da06ea679a54975ad96a2221fe6530d/voices/2qQJWjw5XdG80GreshqG/063dc1a0-ee77-425f-bde8-f2724daf0010.mp3,2026-04-18 20:31:45
Boris,New Magincia,zjp8g43VyHetVrapogHE,Chris Pro ,https://storage.googleapis.com/eleven-public-prod/database/workspace/76a1869b4779450d8fc96add7c3d9086/voices/zjp8g43VyHetVrapogHE/cb34adef-b9a0-4ad8-a759-33795e730885.mp3,2026-04-19 00:23:43
Bradman,Yew,3dmeMOtCk4YVlhVD8Q5I,Ron Lee,https://storage.googleapis.com/eleven-public-prod/custom/voices/3dmeMOtCk4YVlhVD8Q5I/xPBeuUbJX3NZ09i6PgpV.mp3,2026-04-19 00:01:01
Brion,Moonglow,D87GMLg1Z1DRUwipPXoh,James - Calm & Informative,https://storage.googleapis.com/eleven-public-prod/database/workspace/6bd5e69763314040bc510b8dce315c18/voices/D87GMLg1Z1DRUwipPXoh/734fc70f-e3c5-4603-87e3-1da369da7e1e.mp3,2026-04-19 00:36:13
Brita,Paws,nMdz47otfuHW82bXW6Pf,Pec,https://storage.googleapis.com/eleven-public-prod/database/workspace/93b1ee0cf6e04980929e2151f2620749/voices/nMdz47otfuHW82bXW6Pf/60662db3-2b8a-442d-a893-579c1508d32d.mp3,2026-04-18 22:48:01
Brownie,Britain,eURLKBzvb5E5aqqZzVll,Ian - UK southwest accent,https://storage.googleapis.com/eleven-public-prod/database/workspace/d43607d97b554bbc81d54cffcc899f80/voices/eURLKBzvb5E5aqqZzVll/7129be0a-fcf5-4d08-9793-e25447c9d325.mp3,2026-04-18 20:33:01
Budo,Buccaneer's Den,aGv5jHWKBy8K5xKvYeSX,"Sael - Smooth, dry-witted & quietly reassuring",https://storage.googleapis.com/eleven-public-prod/database/workspace/f1affe425a5841d88b0c1f6aa4666fc0/voices/aGv5jHWKBy8K5xKvYeSX/iijbdLVDbrj5j3iZ0Rwd.mp3,2026-04-19 01:22:06
Burnside,Minoc,h9CKu0pq1LSjIPhJEGCv,Nathaniel C – Kid's Bedtime Storyteller,https://storage.googleapis.com/eleven-public-prod/database/workspace/ed9b05e6324c457685490352e9a1ec90/voices/h9CKu0pq1LSjIPhJEGCv/1LrMr1Rh6PBFgHanK9jg.mp3,2026-04-18 23:35:36
Cador,Vesper,bVsj1k2UCjmStPeev30q,Justin - Chatty and confident British male,https://storage.googleapis.com/eleven-public-prod/database/workspace/fa76a3aa479e47108d7ff12d360d91eb/voices/bVsj1k2UCjmStPeev30q/wW8BxpJMLW9BIFDrboFK.mp3,2026-04-19 01:09:12
Caine,Skara Brae,BQOei2tk6QCBMHQWPhbj,Cedric - Slow-Burn Horror Storyteller,https://storage.googleapis.com/eleven-public-prod/database/workspace/ed9b05e6324c457685490352e9a1ec90/voices/BQOei2tk6QCBMHQWPhbj/qnR7LEnRKtOGtcXjGRBB.mp3,2026-04-19 00:28:10
Cairbre,Dungeon,ytcsltLTtCHxNn1vC76H,Ricky,https://storage.googleapis.com/eleven-public-prod/database/workspace/7f9956b146334de0b1fcf4e2a4d9a277/voices/ytcsltLTtCHxNn1vC76H/HPNdgDxl1yMHNsqiLBBd.mp3,2026-04-19 02:09:55
Camille,Paws,kkPJzQOWz2Oz9cUaEaQd,"Beatrice - Mature, Gentle and Engaging",https://storage.googleapis.com/eleven-public-prod/database/workspace/338f089e5ab24693a1c42cd084413dc8/voices/kkPJzQOWz2Oz9cUaEaQd/D89YvNPOU9wk5ykb0ysz.mp3,2026-04-18 22:50:35
Candice,Britain,qTx8G3QX5lqjb2hAokQl,Suzie Sogam – Engaging Podcast Host ,https://storage.googleapis.com/eleven-public-prod/database/workspace/ed9b05e6324c457685490352e9a1ec90/voices/qTx8G3QX5lqjb2hAokQl/PynNKPpgEsmKwvF5p7mO.mp3,2026-04-18 20:36:01
Carlyn,Moonglow,6D0sQS9lLGhEpiV0hbmY,Florence - Natural British Voice,https://storage.googleapis.com/eleven-public-prod/database/workspace/961ac5b763734fb88e6d60bf71265ce5/voices/6D0sQS9lLGhEpiV0hbmY/O9QMJvhacKtHfcPnNddq.mp3,2026-04-19 00:36:32
Caroline,Trinsic,n3Vun1rdyiQUF5EqCtmC,"Amy - Warm, Bright and Approachable",https://storage.googleapis.com/eleven-public-prod/database/workspace/bc2a5d43bb124f10a9ab14e5a081b3c6/voices/n3Vun1rdyiQUF5EqCtmC/8edb40bc-51b0-4268-9e1d-e2c09b01c41d.mp3,2026-04-18 20:15:08
Carrocio,Britain,wAR0KVn2fhmEcwsfuDWv,"Matt - Poetic, Warm and Balanced",https://storage.googleapis.com/eleven-public-prod/database/workspace/dec3c964e96843fdbe9fb3327c8ceb7e/voices/wAR0KVn2fhmEcwsfuDWv/a53cd22e-3a28-4e4c-9b2c-a4f411b712d1.mp3,2026-04-18 20:43:57
Catherine,Vesper,XXphLKNRxvJ1Qa95KBhX,Blondie - Dynamic Children’s Storyteller,https://storage.googleapis.com/eleven-public-prod/database/workspace/5436b9517877459789c325d2f939c653/voices/XXphLKNRxvJ1Qa95KBhX/5i9i49c5SC0IQmegQoM4.mp3,2026-04-19 01:09:52
Chad,Moonglow,NfUrCNRReUL9RXS9upG1,Scotty Marshal,https://storage.googleapis.com/eleven-public-prod/custom/voices/NfUrCNRReUL9RXS9upG1/90QNyhHcQhggom7JCrJR.mp3,2026-04-19 00:37:05
Chantu,Trinsic,BBfN7Spa3cqLPH1xAS22,Beezle Wheezelby,https://storage.googleapis.com/eleven-public-prod/database/workspace/79b90ec7050840bcada33ca8c636f86a/voices/BBfN7Spa3cqLPH1xAS22/KsTI2Il0S4ky55b1LwxN.mp3,2026-04-18 20:19:09
Charles,Britain,5CVPhTb5MRRQJzVK98NN,"John - Soft-Spoken, Natural and Kind",https://storage.googleapis.com/eleven-public-prod/database/workspace/72440d370bad4e0f9584bea1845e0750/voices/5CVPhTb5MRRQJzVK98NN/025fcdc0-fd84-4a6a-b74e-5416abb004b6.mp3,2026-04-18 20:49:50
Chuckles,Britain,DfE5EkknFF950NR6OMui,Bob,https://storage.googleapis.com/eleven-public-prod/database/workspace/3bc32a3d123f4dc385638b537ec6d8a6/voices/DfE5EkknFF950NR6OMui/ndXdXftPOxkMIvff7K6k.mp3,2026-04-18 19:45:04
Clint,Britain,2ajXGJNYBR0iNHpS4VZb,Rob - Tough & Calloused,https://storage.googleapis.com/eleven-public-prod/database/workspace/c915cc6b038c4ee594dea6e889603893/voices/2ajXGJNYBR0iNHpS4VZb/qei25Eeg71wvBuDXvBYN.mp3,2026-04-18 20:47:14
Constance,New Magincia,X6VIT9ZXy5Nr7EmuLOGz,"Daria - Soft, Seductive, Villain, Mysterious voice",https://storage.googleapis.com/eleven-public-prod/database/workspace/c3d3168749564f5fbbccc517fc601b69/voices/X6VIT9ZXy5Nr7EmuLOGz/3c94dae7-0f7d-446c-b8dc-f9a96a8356d5.mp3,2026-04-19 00:24:01
Coop,Britain,2LslKNCAKrrgSuf8fLbc,"John - Energetic, Authentic and Local",https://storage.googleapis.com/eleven-public-prod/database/workspace/bf46188c22024d71bbf8b51cac1490d7/voices/2LslKNCAKrrgSuf8fLbc/4b4ba69f-fd84-40ff-946b-ebcf9733b80e.mp3,2026-04-18 20:52:35
Cosmo,Dungeon,zVEeCjaqbVNAOw2IcbnA,Lex - Englishman,https://storage.googleapis.com/eleven-public-prod/database/workspace/44be10e5c93a44a5a4a3ed1eaeac37ae/voices/zVEeCjaqbVNAOw2IcbnA/172ca1d5-c39c-4475-af2b-e75cec5d820d.mp3,2026-04-19 02:11:03
Csil,Britain,2qQJWjw5XdG80GreshqG,Eleanor – Gracious and Authoritative,https://storage.googleapis.com/eleven-public-prod/database/workspace/1da06ea679a54975ad96a2221fe6530d/voices/2qQJWjw5XdG80GreshqG/063dc1a0-ee77-425f-bde8-f2724daf0010.mp3,2026-04-18 20:55:29
Cubolt,Moonglow,QjB4YEs2DhdhTmZbJqFQ,"Cedric M - Deep, Speady and Clear",https://storage.googleapis.com/eleven-public-prod/database/workspace/ed9b05e6324c457685490352e9a1ec90/voices/QjB4YEs2DhdhTmZbJqFQ/mMY8FvFGijqa732a87xT.mp3,2026-04-19 00:39:53
Cynthia,Britain,l0jEJEG5ZuUd9SnkaVdv,Olivia J – Warm & Professional Customer Care,https://storage.googleapis.com/eleven-public-prod/database/workspace/ed9b05e6324c457685490352e9a1ec90/voices/l0jEJEG5ZuUd9SnkaVdv/rNi48r7KBZ9KxnlWDA0X.mp3,2026-04-18 20:58:31
D Rel,Dungeon,jhBzyKbsdeM6F66SZCaK,Sterling - Steady and Resonant,https://storage.googleapis.com/eleven-public-prod/database/workspace/1da06ea679a54975ad96a2221fe6530d/voices/jhBzyKbsdeM6F66SZCaK/185cd207-a3c1-435b-a10b-bcc27469e2da.mp3,2026-04-19 02:11:54
Danag,Buccaneer's Den,HM2kjmxf584DyZCsWcSg,Leslie,https://storage.googleapis.com/eleven-public-prod/database/workspace/7fbcd4145f5148d5a0c17f2e3859ef2a/voices/HM2kjmxf584DyZCsWcSg/f19ce378-eb1c-4ee8-ba2d-98c66c86a276.mp3,2026-04-19 01:24:11
Daphne,Jhelom,exsUS4vynmxd379XN4yO,Blondie - Conversational,https://storage.googleapis.com/eleven-public-prod/database/workspace/13b55e382ca24fa28c38be0dcfa413df/voices/exsUS4vynmxd379XN4yO/Z1h09ab4rUV5TK5cFWIL.mp3,2026-04-19 00:15:52
Dark Core,Forge of Virtue,bwCXcoVxWNYMlC6Esa8u,"Matthew Schmitz - Gravel, Deep Anti-Hero",https://storage.googleapis.com/eleven-public-prod/database/workspace/d309ea25683d4d97b92e44772a430c74/voices/bwCXcoVxWNYMlC6Esa8u/7oTdXcBZTt2vzYio8oCo.mp3,2026-04-19 01:53:24
De Maria,Cove,C4BcjQLTcgWGQFabGhsF,Mr. Reyes,https://storage.googleapis.com/eleven-public-prod/database/workspace/9ee2bc7de2c64d29943f618d4f920a55/voices/C4BcjQLTcgWGQFabGhsF/fc4f62f2-ed9b-46ca-ab7b-1fbfe5882174.mp3,2026-04-18 23:11:43
De Snel,Jhelom,dG7SBJDxDoZkQUrwvqrD,Medraut - Theatrical Villain & Sardonic Sovereign,https://storage.googleapis.com/eleven-public-prod/database/workspace/dbc0ca7affc9443599cdb53aaab1d595/voices/dG7SBJDxDoZkQUrwvqrD/K3ZTGOB9tX1Vuy9cZprp.mp3,2026-04-19 00:16:41
Dell,Trinsic,M5E055lOUxMi0kJpGyE9,Gravel Midnight – Deep Grit Character Voice,https://storage.googleapis.com/eleven-public-prod/database/workspace/1b2434ad621f4bc88beca1a0d4896611/voices/M5E055lOUxMi0kJpGyE9/e3264828-f266-457d-94dd-29893cacb9a1.mp3,2026-04-16 06:09:28
Denby,Britain,E0XZpcnyzAqDnxXoA920,Abhay – Smart BFSI Customer Care Agent,https://storage.googleapis.com/eleven-public-prod/database/workspace/ed9b05e6324c457685490352e9a1ec90/voices/E0XZpcnyzAqDnxXoA920/SvPzb8lhMLqClcxumhxT.mp3,2026-04-18 20:59:48
Denton,Serpent's Hold,Sq93GQT4X1lKDXsQcixO,"Felix - Warm, positive & contemporary RP",https://storage.googleapis.com/eleven-public-prod/database/workspace/f1affe425a5841d88b0c1f6aa4666fc0/voices/Sq93GQT4X1lKDXsQcixO/0NEVDESbOjo4aachPLfb.mp3,2026-04-19 00:58:24
Diane,Britain,aSIbKKp3u3QaokVrrfmt,"Cheryl - Warm, Bright and Approachable",https://storage.googleapis.com/eleven-public-prod/database/workspace/df551695ba034261b7590cc1cf95fdd0/voices/aSIbKKp3u3QaokVrrfmt/f521988d-b238-4260-ab72-fae8ad6a1357.mp3,2026-04-18 21:01:18
Dracothraxus,Forge of Virtue,xsiB5fGhEtknnqzudCO6,Smoke - The Dragon,https://storage.googleapis.com/eleven-public-prod/database/workspace/631bf5a20c2d45ffacc1311eb5dec41f/voices/xsiB5fGhEtknnqzudCO6/GAzRSnPZDgcCyqHRfRyT.mp3,2026-04-19 01:54:18
Draxinusom,Terfin,UzI1NsMEV3ni5JRkRSls,Alistair – Cultured and Articulate,https://storage.googleapis.com/eleven-public-prod/database/workspace/1da06ea679a54975ad96a2221fe6530d/voices/UzI1NsMEV3ni5JRkRSls/e842aade-18ef-4edc-bdaa-e34c0e8e53c0.mp3,2026-04-19 00:52:31
Dupre,Party,Xq2dbIWNPChFB77imiDe,Gideon - Pirate,https://storage.googleapis.com/eleven-public-prod/database/workspace/a456897a2f294556841ad2761f1c1a11/voices/Xq2dbIWNPChFB77imiDe/14fffb7d-79c9-4845-94b0-54eff04be205.mp3,2026-04-16 06:07:09
Dustin,Trinsic,LeLdLlKVi60fgoYc1On1,Freddy - Grounded Actor,https://storage.googleapis.com/eleven-public-prod/database/workspace/15932a5a036e43b7979f3086b295f8ab/voices/LeLdLlKVi60fgoYc1On1/WIPwMzFOkPl1M7Az89BJ.mp3,2026-04-18 20:39:42
Effrem,Moonglow,dUercWozs0yhe4xBCgZ0,Professor Nathaniel Mandrake -  Sardonic Academic & Bitter Wit,https://storage.googleapis.com/eleven-public-prod/database/workspace/dbc0ca7affc9443599cdb53aaab1d595/voices/dUercWozs0yhe4xBCgZ0/hnuKwqU2ZhP5zzl7He6B.mp3,2026-04-19 00:40:10
Eiko,Dagger Isle,6aO1exAR9bDruq155LzQ,Monika Sogam – Sinister Creepy Voice,https://storage.googleapis.com/eleven-public-prod/database/workspace/ed9b05e6324c457685490352e9a1ec90/voices/6aO1exAR9bDruq155LzQ/YsBBE5qXtoNHOrmrlkm2.mp3,2026-04-19 02:06:13
Elad,Moonglow,Tx7VLgfksXHVnoY6jDGU,"Conversational Joe - A chatty casual voice, British RP male",https://storage.googleapis.com/eleven-public-prod/database/workspace/8ea18f54734242deb00d4fd70279d29f/voices/Tx7VLgfksXHVnoY6jDGU/0OHEekqEGIBqmm8NRtgd.mp3,2026-04-19 00:41:30
Eldroth,Vesper,DfE5EkknFF950NR6OMui,Bob,https://storage.googleapis.com/eleven-public-prod/database/workspace/3bc32a3d123f4dc385638b537ec6d8a6/voices/DfE5EkknFF950NR6OMui/ndXdXftPOxkMIvff7K6k.mp3,2026-04-19 01:11:06
Elizabeth,Endgame,nDJIICjR9zfJExIFeSCN,Emmaline - young British girl,https://storage.googleapis.com/eleven-public-prod/custom/voices/nDJIICjR9zfJExIFeSCN/QCyFH02mR1zeVFE0bC4x.mp3,2026-04-19 02:20:40
Ellen,Trinsic,xQoJctkjLbN6MAa5Ibhk,Molly Piper,https://storage.googleapis.com/eleven-public-prod/database/workspace/7ea0f0c57fa84951a18d82818bb55209/voices/xQoJctkjLbN6MAa5Ibhk/9m6jCO4tQ7cWnlQ6yeJu.mp3,2026-04-18 20:23:04
Elynor,Minoc,lUCNYQh2kqW2wiie85Qk,Charmion - Soft and husky,https://storage.googleapis.com/eleven-public-prod/RimHwwF9RLXKyDFWJaBLpWiGSr93/voices/lUCNYQh2kqW2wiie85Qk/89c6cfb4-9665-46c2-b665-037be403172b.mp3,2026-04-18 23:37:02
Emp,,Aqqzjc8no56A9UgQcOnP,"Chill Phil - Calm, Meditative Narrator",https://storage.googleapis.com/eleven-public-prod/database/workspace/e22a6f6e2895472ea453c6ce5ab8ee29/voices/Aqqzjc8no56A9UgQcOnP/jKVdv9UXDKRomZReNpXI.mp3,2026-04-19 02:25:00
Erethian,Forge of Virtue,UzI1NsMEV3ni5JRkRSls,Alistair – Cultured and Articulate,https://storage.googleapis.com/eleven-public-prod/database/workspace/1da06ea679a54975ad96a2221fe6530d/voices/UzI1NsMEV3ni5JRkRSls/e842aade-18ef-4edc-bdaa-e34c0e8e53c0.mp3,2026-04-19 01:56:55
Fenn,Paws,DfE5EkknFF950NR6OMui,Bob,https://storage.googleapis.com/eleven-public-prod/database/workspace/3bc32a3d123f4dc385638b537ec6d8a6/voices/DfE5EkknFF950NR6OMui/ndXdXftPOxkMIvff7K6k.mp3,2026-04-18 22:52:38
Feridwyn,Paws,Gf2vlf3D7zk4ydlo3ULy,John - Warm British,https://storage.googleapis.com/eleven-public-prod/database/workspace/be01a1de90894e2f9e7a6ad020d8ef47/voices/Gf2vlf3D7zk4ydlo3ULy/7949e2c4-6dae-4b2c-852b-4760a841ae95.mp3,2026-04-18 22:53:59
Ferryman,Forge of Virtue,HAvvFKatz0uu0Fv55Riy,Matthew Schmitz - Ancient Sage Dragon Wizard,https://storage.googleapis.com/eleven-public-prod/database/workspace/d309ea25683d4d97b92e44772a430c74/voices/HAvvFKatz0uu0Fv55Riy/0URfQxPlTcFUypsJcO6A.mp3,2026-04-19 01:57:24
Figg,Britain,dqbqOZM4uhsyx1WtTAgT,Max - 1940s RP British voice,https://storage.googleapis.com/eleven-public-prod/database/workspace/93b6e651b82e430c82e72bb8a257f8e9/voices/dqbqOZM4uhsyx1WtTAgT/QVyIujMXrfKj4PmZzRtI.mp3,2026-04-18 21:02:12
Finnigan,Trinsic,l1d1DlQ9BVMMQMoVx1oe,Finnigan,https://storage.googleapis.com/eleven-public-prod/database/workspace/fde22e2d61f64e8bafa9a8e137997450/voices/l1d1DlQ9BVMMQMoVx1oe/7eb242b5-f824-407a-bd9d-4528ed207223.mp3,2026-04-19 02:37:19
Fodus,Minoc,AmY1pcgcEc15wyuIj50p,Chris -  Northern UK ,https://storage.googleapis.com/eleven-public-prod/database/workspace/59fd4b32a316419a8f9cd87d3873e2ac/voices/AmY1pcgcEc15wyuIj50p/S6JywTDGzgpvH7ANCv7b.mp3,2026-04-18 23:39:37
For Lem,Vesper,AeRdCCKzvd23BpJoofzx,"Nathaniel - Engaging, British and Calm",https://storage.googleapis.com/eleven-public-prod/database/workspace/514d94e9241c48e8b7905375729c436f/voices/AeRdCCKzvd23BpJoofzx/o8c52wXX8Ydhw6NVAg0a.mp3,2026-04-19 01:11:58
Foranamo,Vesper,NxGA8X3YhTrnf3TRQf6Q,"Jerry B. - Evil, Villain, Horror, Thriller",https://storage.googleapis.com/eleven-public-prod/database/workspace/5f71481a3f1e44d38a4bb9ffd235ea8a/voices/NxGA8X3YhTrnf3TRQf6Q/zUWEsKmuAhz5AJSdXPrO.mp3,2026-04-19 01:12:24
Forbrak,Terfin,1pSYJ3xwoX6ZeuFWq39M,Terry Davies - Reflective Narrator,https://storage.googleapis.com/eleven-public-prod/database/workspace/be08f0ae45e34299a2348be0eaa502ee/voices/1pSYJ3xwoX6ZeuFWq39M/1483d79a-5b9a-4cd5-952f-adffdfc7d7c7.mp3,2026-04-19 00:53:18
Forskis,Endgame,kVBPcEMsUF1nsAO1oNWw,Andy,https://storage.googleapis.com/eleven-public-prod/custom/voices/kVBPcEMsUF1nsAO1oNWw/Rl1NSlUqDWlKAaw3g0AX.mp3,2026-04-19 02:21:17
Forsythe,Skara Brae,JPebmqlSqzZByHeisFPx,"Hans - Emotional, Soft and Present",https://storage.googleapis.com/eleven-public-prod/database/workspace/a3b77521e0ad43e59cc1a45f116787a3/voices/JPebmqlSqzZByHeisFPx/iL3pNSiNlCR9QCtEy5K7.mp3,2026-04-19 00:29:01
Frank,Moonglow,50lF5fQMqcxbDQOW6qOs,Sarcastic Nigel - Cynical about everything,https://storage.googleapis.com/eleven-public-prod/database/workspace/c1ede18381614c37a1f4e1b146513f6c/voices/50lF5fQMqcxbDQOW6qOs/f4DyDe5W4AZF0s7gLLHl.mp3,2026-04-19 00:42:34
Fred,Britain,hXrCG2sVUeLC0DfTSHwH,Aaron - Friendly Warm British,https://storage.googleapis.com/eleven-public-prod/database/workspace/2e013b5e121944c1b09bf6d8b344c169/voices/hXrCG2sVUeLC0DfTSHwH/ExuF9iTWVMQi7YJYRjTt.mp3,2026-04-18 21:03:13
Gargan,Trinsic,Av4Fi2idMFuA8kTbVZgv,Russel - Raw Cowboy,https://storage.googleapis.com/eleven-public-prod/database/workspace/f4d3a2494778440a9451713613e4c043/voices/Av4Fi2idMFuA8kTbVZgv/UstROLY2yaaqkjxSZUqq.mp3,2026-04-18 20:23:36
Garok,Dungeon,BBfN7Spa3cqLPH1xAS22,Beezle Wheezelby,https://storage.googleapis.com/eleven-public-prod/database/workspace/79b90ec7050840bcada33ca8c636f86a/voices/BBfN7Spa3cqLPH1xAS22/KsTI2Il0S4ky55b1LwxN.mp3,2026-04-19 02:12:29
Garritt,Paws,DfE5EkknFF950NR6OMui,Bob,https://storage.googleapis.com/eleven-public-prod/database/workspace/3bc32a3d123f4dc385638b537ec6d8a6/voices/DfE5EkknFF950NR6OMui/ndXdXftPOxkMIvff7K6k.mp3,2026-04-18 22:59:01
Gaye,Britain,Zud7UVz6aX7VRZfxe9nP,Beatrice,https://storage.googleapis.com/eleven-public-prod/database/workspace/0ba6adf3c96c4fd2ad160da7dcd8346d/voices/Zud7UVz6aX7VRZfxe9nP/TKQ5AOkNY5dZu6a1mK9h.mp3,2026-04-18 21:05:08
Geoffrey,Britain,2OcnG4mH3jIMtWz3vKus,Wolf Spencer - Rough and Deep,https://storage.googleapis.com/eleven-public-prod/database/workspace/2d61a6b0557d4d3b8afb7d9f443714f5/voices/2OcnG4mH3jIMtWz3vKus/Ita1LHl4VFZqS4t2hhBL.mp3,2026-04-18 21:06:53
Gharl,Dungeon,2ajXGJNYBR0iNHpS4VZb,Rob - Tough & Calloused,https://storage.googleapis.com/eleven-public-prod/database/workspace/c915cc6b038c4ee594dea6e889603893/voices/2ajXGJNYBR0iNHpS4VZb/qei25Eeg71wvBuDXvBYN.mp3,2026-04-19 02:12:45
Gilberto,Trinsic,7rQX8r6PVq3gfJ8rZzyE,John of the North,https://storage.googleapis.com/eleven-public-prod/database/workspace/bfad24883ac04636b8b51cc683f75efb/voices/7rQX8r6PVq3gfJ8rZzyE/P7FD9scPGqekRsvFwZh9.mp3,2026-04-18 20:23:57
Gladstone,Minoc,eXmAcXLnEWP4OWensAKS,Uzi,https://storage.googleapis.com/eleven-public-prod/database/workspace/e76a83b1412843ec93fe0a4f1e052481/voices/eXmAcXLnEWP4OWensAKS/1ec765e3-e2e1-4d6f-85c2-c3f1536c1edc.mp3,2026-04-18 23:40:38
Glenno,Buccaneer's Den,A6sLVHnu32oKel0Fty9r,Romeo - Friendly & Conversational,https://storage.googleapis.com/eleven-public-prod/database/workspace/ebce0c2bde434331958ef21d49cf65b4/voices/A6sLVHnu32oKel0Fty9r/LGXL37NcoZ5IAjmGVeir.mp3,2026-04-19 01:24:31
Gordon,Britain,wUkGqD7qevNIshEdEC5s,"Welsh - Friendly, Clean and Welsh",https://storage.googleapis.com/eleven-public-prod/database/workspace/9fa721f9e24a440e882cc509eb720a0b/voices/wUkGqD7qevNIshEdEC5s/a5ca81e7-2e66-44a2-9939-39b6662a23a5.mp3,2026-04-18 21:08:25
Gordy,Buccaneer's Den,vfmxjXWrvIXtVaXU5kya,Simon Smart,https://storage.googleapis.com/eleven-public-prod/gvbVTIO3WDeegBi5evi0cXQGGz83/voices/vfmxjXWrvIXtVaXU5kya/2a586943-6f20-4217-a56b-edf3256b4ba4.mp3,2026-04-19 01:25:35
Gorn,Fellowship Retreat,RuBa4qzQ26xwgva6lxFZ,Marc Borris - Professional & Deep,https://storage.googleapis.com/eleven-public-prod/database/workspace/860337c9390d461b8615963c72a4fa00/voices/RuBa4qzQ26xwgva6lxFZ/5I3ejO85YKh072OEEVgl.mp3,2026-04-19 02:07:18
Goth,Yew,2ajXGJNYBR0iNHpS4VZb,Rob - Tough & Calloused,https://storage.googleapis.com/eleven-public-prod/database/workspace/c915cc6b038c4ee594dea6e889603893/voices/2ajXGJNYBR0iNHpS4VZb/qei25Eeg71wvBuDXvBYN.mp3,2026-04-19 00:02:23
Grayson,Britain,YrWrMpN4JVUznbuSdQT4,"Jah - Warm, Strong and Distinct",https://storage.googleapis.com/eleven-public-prod/database/workspace/9d65cb5b1a3040aeb2a58178f2310c91/voices/YrWrMpN4JVUznbuSdQT4/1e406490-436c-4e9c-a4c0-cac21fdd66b2.mp3,2026-04-18 21:09:26
Greg,Britain,n14tMK4evA0AnxpMElSz,Jimmy - Softly Enthusiastic,https://storage.googleapis.com/eleven-public-prod/database/workspace/7a2e60aa760f4a718da7161b83e626c9/voices/n14tMK4evA0AnxpMElSz/b206118e-7235-46e9-a0f2-4d9bf385d756.mp3,2026-04-18 21:11:11
Gregor,Minoc,NfUrCNRReUL9RXS9upG1,Scotty Marshal,https://storage.googleapis.com/eleven-public-prod/custom/voices/NfUrCNRReUL9RXS9upG1/90QNyhHcQhggom7JCrJR.mp3,2026-04-18 23:41:21
Grod,Buccaneer's Den,DJ4Hf6xVArbdXSboCSXI,Promedius,https://storage.googleapis.com/eleven-public-prod/database/workspace/7c2bcbb2804e4e109df4be172a3e00a4/voices/DJ4Hf6xVArbdXSboCSXI/0b7f094b-c618-4ff2-b031-00b2386d0968.mp3,2026-04-19 01:27:52
Guard,Trinsic,agL69Vji082CshT65Tcy,"Blackwood - Sinister, Posh and British",https://storage.googleapis.com/eleven-public-prod/database/workspace/bfad24883ac04636b8b51cc683f75efb/voices/agL69Vji082CshT65Tcy/I9Wu7PEzYWb9jPLPThRB.mp3,2026-04-18 20:24:17
Guardian,Endgame,6sFKzaJr574YWVu4UuJF,Cornelius,https://storage.googleapis.com/eleven-public-prod/database/workspace/423b9af369ef4f46bfa7cdc6b6172f54/voices/6sFKzaJr574YWVu4UuJF/bae10fdc-1b77-4f60-a4d5-72e1a72736af.mp3,2026-04-19 02:22:02
Henry,New Magincia,70e4PKMb7PwQ98Hi1lBo,Jeremy Smith,https://storage.googleapis.com/eleven-public-prod/lNC1SJHmrTUZadQCFpF92KIbGdk2/voices/70e4PKMb7PwQ98Hi1lBo/5607d945-a91c-4eb4-86bd-eb2bffdc8af5.mp3,2026-04-19 00:24:32
Hook,Endgame,dG7SBJDxDoZkQUrwvqrD,Medraut - Theatrical Villain & Sardonic Sovereign,https://storage.googleapis.com/eleven-public-prod/database/workspace/dbc0ca7affc9443599cdb53aaab1d595/voices/dG7SBJDxDoZkQUrwvqrD/K3ZTGOB9tX1Vuy9cZprp.mp3,2026-04-19 02:22:40
Horance,Skara Brae,y0SYydk17lMbUIUvSf3N,AK - British Posh Well-Spoken Old Man,https://storage.googleapis.com/eleven-public-prod/database/workspace/848b079616f14eaf9a6f3bdfb7159cb9/voices/y0SYydk17lMbUIUvSf3N/PdpzfE3ccx4upU1MXiJl.mp3,2026-04-19 00:29:22
Horffe,Serpent's Hold,67vGi3kqfw20i1STUH9b,Joe ,https://storage.googleapis.com/eleven-public-prod/database/workspace/4f8b2aa190de47ceb76d26d35c7be709/voices/67vGi3kqfw20i1STUH9b/b573c4f8-2008-4790-9c70-96ca04e8e681.mp3,2026-04-19 00:58:50
Ian,Fellowship Retreat,I8ERYU9lOxALy2vtIvHd,Syndicate - Top G,https://storage.googleapis.com/eleven-public-prod/database/workspace/49383f61e82b4fd8b0bb8f24d2733a7e/voices/I8ERYU9lOxALy2vtIvHd/3mng6XfxPPm5lRuaCU0d.mp3,2026-04-19 02:07:43
Inforlem,Terfin,qNkzaJoHLLdpvgh5tISm,"Carter - Rich, Smooth and Rugged",https://storage.googleapis.com/eleven-public-prod/custom/voices/qNkzaJoHLLdpvgh5tISm/N0JJBx37oVjY5Juzh0QY.mp3,2026-04-19 00:53:41
Inmanilem,Terfin,PF2vTa1f67DzrdyB1OBu,Stephen,https://storage.googleapis.com/eleven-public-prod/database/workspace/f7914774eadf47be8f539719376bcc87/voices/PF2vTa1f67DzrdyB1OBu/WU1hS3XjYmuHHzcQRtGm.mp3,2026-04-19 00:54:11
Inwisloklem,Britain,dAcds2QMcvmv86jQMC3Y,"Jayce - Bassy, Raspy and Rough",https://storage.googleapis.com/eleven-public-prod/database/workspace/e411ad79f9344e8c8b8f3beede37e82d/voices/dAcds2QMcvmv86jQMC3Y/IxbCvls9YDacp9a2hiiF.mp3,2026-04-18 21:12:10
Iolo,Party,aV8DLAt0Q9peDuTGGPx5,Iolo,https://storage.googleapis.com/eleven-public-prod/database/workspace/fde22e2d61f64e8bafa9a8e137997450/voices/aV8DLAt0Q9peDuTGGPx5/a16a3d19-92f3-4bd8-8bb6-5b6b04404d12.mp3,2026-04-19 03:44:58
Iriale,Fellowship Retreat,hbB2qXyS2GMyyZIZyhAH,"Bella - Deep, Elegant and Intimidating",https://storage.googleapis.com/eleven-public-prod/database/workspace/75b7e9ebeeae47e3a0ba25f47f938f1c/voices/hbB2qXyS2GMyyZIZyhAH/nYyTVDF9YsdUzdck3TV5.mp3,2026-04-19 02:09:09
Iskander,Dagger Isle,6sFKzaJr574YWVu4UuJF,Cornelius,https://storage.googleapis.com/eleven-public-prod/database/workspace/423b9af369ef4f46bfa7cdc6b6172f54/voices/6sFKzaJr574YWVu4UuJF/bae10fdc-1b77-4f60-a4d5-72e1a72736af.mp3,2026-04-19 02:06:30
Jaana,Party,8N2ng9i2uiUWqstgmWlH,"Beth - Calm, Gentle and Nurturing",https://storage.googleapis.com/eleven-public-prod/custom/voices/8N2ng9i2uiUWqstgmWlH/7TvK7CWmBACPLKdPclE6.mp3,2026-04-16 06:14:07
Jakher,Minoc,0m71kiyu84bdUcKDzG0L,Dave,https://storage.googleapis.com/eleven-public-prod/database/workspace/e25cb99b805f44e895d68f73a73a6f58/voices/0m71kiyu84bdUcKDzG0L/Z2W1NWE64g928pktt9TS.mp3,2026-04-18 23:41:49
James,Britain,8JVbfL6oEdmuxKn5DK2C,Johnny Kid - Serious and Calm Narrator,https://storage.googleapis.com/eleven-public-prod/custom/voices/8JVbfL6oEdmuxKn5DK2C/9Hw1XQQvlZM44JEKddyi.mp3,2026-04-18 21:13:25
Jeanette,Britain,oW8bn5YtBB89X2nJ0DT9,"Verity - Chatty, Fast-Paced, Fun Storyteller",https://storage.googleapis.com/eleven-public-prod/database/workspace/74153da071174f7f8dd35a526d6db5d4/voices/oW8bn5YtBB89X2nJ0DT9/GTdRKV5twarPIEzU4Lid.mp3,2026-04-18 21:14:23
Jehanne,Serpent's Hold,S9EGwlCtMF7VXtENq79v,Emma Taylor - Gentle Thoughtful Narrator,https://storage.googleapis.com/eleven-public-prod/custom/voices/S9EGwlCtMF7VXtENq79v/fSwup6qmnRayi9GulbKC.mp3,2026-04-19 00:59:48
Jergi,Minoc,5GM4aByyJu1ecbL4rKms,Aldric Solheim,https://storage.googleapis.com/eleven-public-prod/database/workspace/4592e4a4fbe048b685b2beb370eb6263/voices/5GM4aByyJu1ecbL4rKms/343c94fb-9425-493f-b0cf-4195c0758169.mp3,2026-04-18 23:42:06
Jesse,Britain,lnIpQcZuikKim3oNdYlP,Nathaniel C. - Customer Care Agent,https://storage.googleapis.com/eleven-public-prod/database/workspace/514d94e9241c48e8b7905375729c436f/voices/lnIpQcZuikKim3oNdYlP/FfC3RcP7YA9Fi5loRi1j.mp3,2026-04-18 21:15:20
Jillian,Moonglow,4BAlflaQyhIcCfHiEI7x,Tess - Direct and Grounded,https://storage.googleapis.com/eleven-public-prod/database/workspace/1da06ea679a54975ad96a2221fe6530d/voices/4BAlflaQyhIcCfHiEI7x/d4cea334-38ca-47d5-a42a-905382e2d388.mp3,2026-04-19 00:43:28
John Paul,Serpent's Hold,vvVtX7DIkIyxoRO82cCc,"Andy - British, calm, warm & kind",https://storage.googleapis.com/eleven-public-prod/database/workspace/56313bfda9ef46edb0f6d604efccadb0/voices/vvVtX7DIkIyxoRO82cCc/L28Y8Woi9Lxkif8Ofz92.mp3,2026-04-19 01:00:13
Johnson,Trinsic,2OcnG4mH3jIMtWz3vKus,Wolf Spencer - Rough and Deep,https://storage.googleapis.com/eleven-public-prod/database/workspace/2d61a6b0557d4d3b8afb7d9f443714f5/voices/2OcnG4mH3jIMtWz3vKus/Ita1LHl4VFZqS4t2hhBL.mp3,2026-04-18 20:24:39
Jordan,Serpent's Hold,eXmAcXLnEWP4OWensAKS,Uzi,https://storage.googleapis.com/eleven-public-prod/database/workspace/e76a83b1412843ec93fe0a4f1e052481/voices/eXmAcXLnEWP4OWensAKS/1ec765e3-e2e1-4d6f-85c2-c3f1536c1edc.mp3,2026-04-19 01:00:55
Joseph,Jhelom,Veg2qijYoJAS8VPKOOmi,Cassian - British Noble,https://storage.googleapis.com/eleven-public-prod/database/workspace/a12ecbde29154d9db38f425810bc7a56/voices/Veg2qijYoJAS8VPKOOmi/dhcGmwPKvj5g1al270E8.mp3,2026-04-19 00:17:02
Judith,Britain,6vIP9mPY4dr6w8krUg01,Pepper,https://storage.googleapis.com/eleven-public-prod/database/workspace/0379c1f5cea24185ade57cd329b55af7/voices/6vIP9mPY4dr6w8krUg01/1c7c60a1-f8f2-4bf8-9bea-87707c385dd3.mp3,2026-04-18 21:15:59
Julia,Party,HRIShmNY56JGHVU1vXIt,"Ela - Hopeful, Bright and Vibrant",https://storage.googleapis.com/eleven-public-prod/database/workspace/b66eed95dce547ca97ffd9dcab45ffbb/voices/HRIShmNY56JGHVU1vXIt/oUvICWhtsWMRr0m1j3fL.mp3,2026-04-16 06:30:39
Kallibrus,Dungeon,CVP7d0EDsPO8YR2fweYp,Victor Hale,https://storage.googleapis.com/eleven-public-prod/database/workspace/42e4d30a6e964546ade309947a20dfa0/voices/CVP7d0EDsPO8YR2fweYp/ryVxyKkQgPF5b1rG7zCj.mp3,2026-04-19 02:13:36
Karenna,Minoc,ztyYYqlYMny7nllhThgo,"Petra - Expressive, Rich and Dramatic",https://storage.googleapis.com/eleven-public-prod/b5hhUYzRnTN48rrcLhzf7xjDifJ3/voices/ztyYYqlYMny7nllhThgo/d1fc6ae4-5040-4c9d-8507-01f0883265ff.mp3,2026-04-18 23:42:32
Karl,Minoc,jhBzyKbsdeM6F66SZCaK,Sterling - Steady and Resonant,https://storage.googleapis.com/eleven-public-prod/database/workspace/1da06ea679a54975ad96a2221fe6530d/voices/jhBzyKbsdeM6F66SZCaK/185cd207-a3c1-435b-a10b-bcc27469e2da.mp3,2026-04-18 23:43:35
Katrina,Party,XEoBW4iDmiawQP72xnAF,Evelyn - Resourceful and Ironic,https://storage.googleapis.com/eleven-public-prod/database/workspace/47a65c31f7c647f483d685d7c36d3bd1/voices/XEoBW4iDmiawQP72xnAF/cFoSj6EcM3g0qX3MezoP.mp3,2026-04-16 06:34:22
Kelly,Britain,aHCytOTnUOgfGPn5n89j,"Bea - Corporate, Polished and Clear",https://storage.googleapis.com/eleven-public-prod/database/workspace/b4c7bfaf46664fe485df76e9274de44f/voices/aHCytOTnUOgfGPn5n89j/bmoTbcqiM999uxdN66Z5.mp3,2026-04-18 21:16:48
Kessler,Britain,1SgtCdnh90xU4Bpehczp,Soifur,https://storage.googleapis.com/eleven-public-prod/database/workspace/aa391826d587490b9472ca508fadccb2/voices/1SgtCdnh90xU4Bpehczp/c3fbe8ed-95e6-421e-9b91-211da1030fcc.mp3,2026-04-18 21:17:18
Kissme,Ambrosia,piI8Kku0DcvcL6TTSeQt,Flicker - Cheerful Fairy & Sparkly Sweetness,https://storage.googleapis.com/eleven-public-prod/database/workspace/816643d19c1a4e009a4c60c08943c391/voices/piI8Kku0DcvcL6TTSeQt/cSTbbywSZ5O2WZn4xY3t.mp3,2026-04-19 02:01:13
Kliftin,Jhelom,M5E055lOUxMi0kJpGyE9,Gravel Midnight – Deep Grit Character Voice,https://storage.googleapis.com/eleven-public-prod/database/workspace/1b2434ad621f4bc88beca1a0d4896611/voices/M5E055lOUxMi0kJpGyE9/e3264828-f266-457d-94dd-29893cacb9a1.mp3,2026-04-19 00:17:20
Klog,Trinsic,yhf80q1381zd2JJQ4tM7,"Dominic - British, Brooding & Intense",https://storage.googleapis.com/eleven-public-prod/database/workspace/f0453fa76e4e4a1e973d87b70665a591/voices/yhf80q1381zd2JJQ4tM7/27x8rzBE0wgw2eYVLLNA.mp3,2026-04-18 20:25:17
Komor,Paws,2LslKNCAKrrgSuf8fLbc,"John - Energetic, Authentic and Local",https://storage.googleapis.com/eleven-public-prod/database/workspace/bf46188c22024d71bbf8b51cac1490d7/voices/2LslKNCAKrrgSuf8fLbc/4b4ba69f-fd84-40ff-946b-ebcf9733b80e.mp3,2026-04-18 22:59:20
Kreg,Yew,eXmAcXLnEWP4OWensAKS,Uzi,https://storage.googleapis.com/eleven-public-prod/database/workspace/e76a83b1412843ec93fe0a4f1e052481/voices/eXmAcXLnEWP4OWensAKS/1ec765e3-e2e1-4d6f-85c2-c3f1536c1edc.mp3,2026-04-19 00:02:58
Kristy,Britain,WUyjxM8OTY6l8LhTmdkq,Folly Willowmere - Moonlight Fairy & Forrest Guardian,https://storage.googleapis.com/eleven-public-prod/database/workspace/631bf5a20c2d45ffacc1311eb5dec41f/voices/WUyjxM8OTY6l8LhTmdkq/kdO4W62QH0XiNoaJ3qvu.mp3,2026-04-18 21:18:41
Lap Lem,Vesper,PrNINjunOMpMdmWJaLA1,Dante - Intimidating  and Hoarse,https://storage.googleapis.com/eleven-public-prod/database/workspace/b5c6c0c91e2a49d2a6bce68e93e1fa52/voices/PrNINjunOMpMdmWJaLA1/GXnYh0Sq8Qe8bJEAmciS.mp3,2026-04-19 01:13:30
Lasher,Dungeon,ksryVoNAGZT8GxWCTiVm,Elariel X – Epic Queen Ethereal,https://storage.googleapis.com/eleven-public-prod/database/workspace/65ce3d25b2034bf0b490a868052eff08/voices/ksryVoNAGZT8GxWCTiVm/1q5bPUZzoVmdNay9yNaL.mp3,2026-04-19 02:14:16
Leavell,New Magincia,IribPufHsfEPrnlMFar8,Adrian ,https://storage.googleapis.com/eleven-public-prod/database/workspace/4a030acd241f4246890101238e5059b5/voices/IribPufHsfEPrnlMFar8/PfyAlnUysWNZXWvQNvOe.mp3,2026-04-19 00:25:11
Leigh,Serpent's Hold,ISCzWD5dlKGqdgkYePJf,DA ,https://storage.googleapis.com/eleven-public-prod/database/workspace/8ac97ad69077444fb84027de7f1f0816/voices/ISCzWD5dlKGqdgkYePJf/e0094e78-2ac9-4a92-b74c-4f89c33d5a91.mp3,2026-04-19 01:01:19
Liana,Vesper,YPbk892xlMnFoVOkxyGD,Blondie - News Reporter,https://storage.googleapis.com/eleven-public-prod/database/workspace/83c7166759224875a3b59ada215a457b/voices/YPbk892xlMnFoVOkxyGD/pk6hhzdT9phLKKR3fAr5.mp3,2026-04-19 01:14:01
Lord British,Britain,ls2g82VFnsMrJnBf9iW0,Steve Corporate - Deep British Authoritative & Friendly,https://storage.googleapis.com/eleven-public-prod/database/workspace/bc997e0fe12e4702a8831750f198ee47/voices/ls2g82VFnsMrJnBf9iW0/s3Rxnc7YF7OLuaTPC1TD.mp3,2026-04-16 05:44:51
Lord Heather,Cove,9x3LCv1U6rJuU05dIEO3,"Dan - Young, British and Friendly",https://storage.googleapis.com/eleven-public-prod/custom/voices/9x3LCv1U6rJuU05dIEO3/WG179USTllEo3zGhvC87.mp3,2026-04-18 23:16:43
Lucky,Buccaneer's Den,8AAP6bokfGscJYibhuD3,Adam - Authentic Arabic Narrator,https://storage.googleapis.com/eleven-public-prod/database/workspace/22feb78f155c4a15994606b3b94863a1/voices/8AAP6bokfGscJYibhuD3/spTe24pck8LALt0DHlJn.mp3,2026-04-19 01:28:43
Lucy,Britain,2qQJWjw5XdG80GreshqG,Eleanor – Gracious and Authoritative,https://storage.googleapis.com/eleven-public-prod/database/workspace/1da06ea679a54975ad96a2221fe6530d/voices/2qQJWjw5XdG80GreshqG/063dc1a0-ee77-425f-bde8-f2724daf0010.mp3,2026-04-18 21:19:48
Mack,Britain,Tx7VLgfksXHVnoY6jDGU,"Conversational Joe - A chatty casual voice, British RP male",https://storage.googleapis.com/eleven-public-prod/database/workspace/8ea18f54734242deb00d4fd70279d29f/voices/Tx7VLgfksXHVnoY6jDGU/0OHEekqEGIBqmm8NRtgd.mp3,2026-04-18 21:21:25
Magenta,New Magincia,CmoLJ5IFIu3FQ1FZAYIK,"Lorelai - Engaging, Elegant and Warm",https://storage.googleapis.com/eleven-public-prod/database/workspace/860395d6f2fd4a25ba23f63d2bc92344/voices/CmoLJ5IFIu3FQ1FZAYIK/omi5JXcFVwdLHStwQEcx.mp3,2026-04-19 00:26:14
Malloy,Minoc,qA5SHJ9UjGlW2QwXWR7w,Joe - Confident Idiot,https://storage.googleapis.com/eleven-public-prod/database/workspace/b2109416c7514449a5f06540d10f0e73/voices/qA5SHJ9UjGlW2QwXWR7w/omNXT757fjXIfKPQrTSp.mp3,2026-04-18 23:44:14
Mama,Yew,ztyYYqlYMny7nllhThgo,"Petra - Expressive, Rich and Dramatic",https://storage.googleapis.com/eleven-public-prod/b5hhUYzRnTN48rrcLhzf7xjDifJ3/voices/ztyYYqlYMny7nllhThgo/d1fc6ae4-5040-4c9d-8507-01f0883265ff.mp3,2026-04-19 00:03:31
Mandy,Buccaneer's Den,TuGC6UyZabXANLAEMU4E,Theresa,https://storage.googleapis.com/eleven-public-prod/database/workspace/be574311589d48f6a2369c6f9b337596/voices/TuGC6UyZabXANLAEMU4E/4900b8ec-94de-4787-8020-95fa20c07e6a.mp3,2026-04-19 01:29:07
Mara,Vesper,AO4PfDgBJitYJurlRXS6,Elsie J ,https://storage.googleapis.com/eleven-public-prod/database/workspace/eed27112b8144ee89889eb238a0de182/voices/AO4PfDgBJitYJurlRXS6/iiMw1sdSAPFPz8MZLqCx.mp3,2026-04-19 01:14:32
Margareta,Minoc,WMKg7TxPpPWCryaXE42r, Cruella - Dangerously charming,https://storage.googleapis.com/eleven-public-prod/database/workspace/47a65c31f7c647f483d685d7c36d3bd1/voices/WMKg7TxPpPWCryaXE42r/tbEjfD9W7JkMFTdLvPQG.mp3,2026-04-18 23:46:34
Mariah,Moonglow,j98abMrE0ALhypC19Bnz,"Lauren - Gentle, Clear & Reassuring",https://storage.googleapis.com/eleven-public-prod/database/workspace/6afa405142414932a6fa3224d55e1af0/voices/j98abMrE0ALhypC19Bnz/4Z2UHxE1N9VhHglo5gy6.mp3,2026-04-19 00:44:04
Markham,Skara Brae,ouL9IsyrSnUkCmfnD02u,Grimblewood Thornwhisker - Snarky Gnome & Magical Maintainer,https://storage.googleapis.com/eleven-public-prod/database/workspace/dbc0ca7affc9443599cdb53aaab1d595/voices/ouL9IsyrSnUkCmfnD02u/21FjHRSMRihcHks1760n.mp3,2026-04-19 00:30:02
Markus,Trinsic,6sFKzaJr574YWVu4UuJF,Cornelius,https://storage.googleapis.com/eleven-public-prod/database/workspace/423b9af369ef4f46bfa7cdc6b6172f54/voices/6sFKzaJr574YWVu4UuJF/bae10fdc-1b77-4f60-a4d5-72e1a72736af.mp3,2026-04-18 20:25:31
Martine,Buccaneer's Den,rfkTsdZrVWEVhDycUYn9,Shelby,https://storage.googleapis.com/eleven-public-prod/database/workspace/054f73d24bfe446db3b7ea3c1170e778/voices/rfkTsdZrVWEVhDycUYn9/iiFLm9bEQ83kiP0bExhG.mp3,2026-04-19 01:29:44
Martingo,Spektran,aGv5jHWKBy8K5xKvYeSX,"Sael - Smooth, dry-witted & quietly reassuring",https://storage.googleapis.com/eleven-public-prod/database/workspace/f1affe425a5841d88b0c1f6aa4666fc0/voices/aGv5jHWKBy8K5xKvYeSX/iijbdLVDbrj5j3iZ0Rwd.mp3,2026-04-19 02:18:48
Max,Britain,rnaFpqVpBnt4nZq1fII4,"Winnie - Friendly, Warm and Relaxing",https://storage.googleapis.com/eleven-public-prod/database/workspace/b66eed95dce547ca97ffd9dcab45ffbb/voices/rnaFpqVpBnt4nZq1fII4/OxXBtRhCRHCueNVpJqDV.mp3,2026-04-18 21:23:05
Menion,Serpent's Hold,7cOBG34AiHrAzs842Rdi,Tarquin - Posh & English RP,https://storage.googleapis.com/eleven-public-prod/database/workspace/ad603e4c637c47f59d30bb081f61bde4/voices/7cOBG34AiHrAzs842Rdi/hO2k7QHEYyqbRfVr8ddt.mp3,2026-04-19 01:01:38
Merrick,Paws,1TE7ou3jyxHsyRehUuMB,Eastend Steve,https://storage.googleapis.com/eleven-public-prod/custom/voices/1TE7ou3jyxHsyRehUuMB/EHjTRjsNYkFb7uHD2asA.mp3,2026-04-18 22:59:38
Meryl,Trinsic,IZnNrZQBS9lhLjXgYVT8,"Victoria - Senior, British and Polished",https://storage.googleapis.com/eleven-public-prod/database/workspace/e46d6cc6388d44c192b1cd69cc09e437/voices/IZnNrZQBS9lhLjXgYVT8/VeRbfXZQ6aIjXN3Yqu30.mp3,2026-04-18 20:41:01
Mikos,Minoc,jhBzyKbsdeM6F66SZCaK,Sterling - Steady and Resonant,https://storage.googleapis.com/eleven-public-prod/database/workspace/1da06ea679a54975ad96a2221fe6530d/voices/jhBzyKbsdeM6F66SZCaK/185cd207-a3c1-435b-a10b-bcc27469e2da.mp3,2026-04-18 23:46:56
Millie,Britain,XEoBW4iDmiawQP72xnAF,Evelyn - Resourceful and Ironic,https://storage.googleapis.com/eleven-public-prod/database/workspace/47a65c31f7c647f483d685d7c36d3bd1/voices/XEoBW4iDmiawQP72xnAF/cFoSj6EcM3g0qX3MezoP.mp3,2026-04-18 21:26:20
Miranda,Britain,Br4MqB57uC425pYfq0mP,Jane - NZ,https://storage.googleapis.com/eleven-public-prod/database/workspace/0cd82c32f8b04414ae2b17a7ca4fa06d/voices/Br4MqB57uC425pYfq0mP/996b7779-4cd3-4dbf-a582-3a17ba44d1cb.mp3,2026-04-18 21:27:07
Mole,Buccaneer's Den,Av4Fi2idMFuA8kTbVZgv,Russel - Raw Cowboy,https://storage.googleapis.com/eleven-public-prod/database/workspace/f4d3a2494778440a9451713613e4c043/voices/Av4Fi2idMFuA8kTbVZgv/UstROLY2yaaqkjxSZUqq.mp3,2026-04-19 01:30:22
Mordra,Skara Brae,KKqCgJEpQqvlGXepFfmn,"Evelyn - Refined, Elegant and Polished",https://storage.googleapis.com/eleven-public-prod/database/workspace/1da06ea679a54975ad96a2221fe6530d/voices/KKqCgJEpQqvlGXepFfmn/zkczBXyErI34VfwcU8Tu.mp3,2026-04-19 00:31:21
Morfin,Paws,QzTKubutNn9TjrB7Xb2Q,"Jerry B - Brash, Mischievous and Strong",https://storage.googleapis.com/eleven-public-prod/database/workspace/5f71481a3f1e44d38a4bb9ffd235ea8a/voices/QzTKubutNn9TjrB7Xb2Q/EzFDzvpXIZGPSXClRKSl.mp3,2026-04-18 22:59:58
Morz,Moonglow,1nQX17jSn2RXlK251b8y,Vee - Soft-spoken and Gentle,https://storage.googleapis.com/eleven-public-prod/custom/voices/1nQX17jSn2RXlK251b8y/rZmxO5mPszfn5UFix1IR.mp3,2026-04-19 00:45:07
Nanna,Britain,kkPJzQOWz2Oz9cUaEaQd,"Beatrice - Mature, Gentle and Engaging",https://storage.googleapis.com/eleven-public-prod/database/workspace/338f089e5ab24693a1c42cd084413dc8/voices/kkPJzQOWz2Oz9cUaEaQd/D89YvNPOU9wk5ykb0ysz.mp3,2026-04-18 21:29:15
Nastassia,Cove,CKfuQaJKfvUG2Wtrda3Y,Lison - Seductive and soft French accent,https://storage.googleapis.com/eleven-public-prod/database/workspace/ea819bdc39544501bed0aba1b22de7d4/voices/CKfuQaJKfvUG2Wtrda3Y/N353WMzcqHNiKjciwjtq.mp3,2026-04-18 23:20:19
Nell,Britain,DYAWdnlYLnZyj3yWpS75,Daisy – Casual and Friendly,https://storage.googleapis.com/eleven-public-prod/database/workspace/1da06ea679a54975ad96a2221fe6530d/voices/DYAWdnlYLnZyj3yWpS75/b3f7fedd-7eb7-4977-9b14-679db9976e5d.mp3,2026-04-18 21:30:10
Nelson,Moonglow,3rVTIgOvVi3n8bYXFul7,"Michael - Warm, Inviting and Balanced",https://storage.googleapis.com/eleven-public-prod/database/workspace/ac6b5fbc968b44c690be6e012aa094b5/voices/3rVTIgOvVi3n8bYXFul7/16ba5caf-9160-4230-97dc-d30d3495dec5.mp3,2026-04-19 00:45:38
Neno,Britain,NXaTw4ifg0LAguvKuIwZ,Posh Josh,https://storage.googleapis.com/eleven-public-prod/database/workspace/62a2a71bfb9a40cba6eee8f6c9a6f3dd/voices/NXaTw4ifg0LAguvKuIwZ/s2lySHd5N65YXACfraar.mp3,2026-04-18 21:32:14
Nicholas,Britain,PtJWpiWfVrCfOmNdkFpr,Gert - High and Childlike Clown,https://storage.googleapis.com/eleven-public-prod/database/workspace/e4da2773414548c783483ad0ad5f1f84/voices/PtJWpiWfVrCfOmNdkFpr/40b991bb-7d9d-41db-acb2-d78bfd805023.mp3,2026-04-18 21:33:56
Nicodemus,Yew,oR4uRy4fHDUGGISL0Rev,Myrrdin - Wise and Magical Narrator,https://storage.googleapis.com/eleven-public-prod/database/workspace/dbc0ca7affc9443599cdb53aaab1d595/voices/oR4uRy4fHDUGGISL0Rev/h3sx1GXkLl4PWogk0hfB.mp3,2026-04-16 06:38:04
Nystul,Britain,BBfN7Spa3cqLPH1xAS22,Beezle Wheezelby,https://storage.googleapis.com/eleven-public-prod/database/workspace/79b90ec7050840bcada33ca8c636f86a/voices/BBfN7Spa3cqLPH1xAS22/KsTI2Il0S4ky55b1LwxN.mp3,2026-04-18 21:34:37
Ophelia,Jhelom,jkSXBeN4g5pNelNQ3YWw,Molly,https://storage.googleapis.com/eleven-public-prod/database/workspace/8aa7df720b8d481989633136c0d1b737/voices/jkSXBeN4g5pNelNQ3YWw/745ncqGBqxd7uWsWPahO.mp3,2026-04-19 00:17:53
Owen,Minoc,wo6udizrrtpIxWGp2qJk,Northern Terry,https://storage.googleapis.com/eleven-public-prod/custom/voices/wo6udizrrtpIxWGp2qJk/hE6lDLlBQf56q6cg6FIP.mp3,2026-04-18 23:49:28
Owings,Minoc,jcm0A25XPeyOWvAQUhFK,"Pip Bumblebottom - Cheerful, absurd, whimsical",https://storage.googleapis.com/eleven-public-prod/database/workspace/61edf74289d949369648c461982ac853/voices/jcm0A25XPeyOWvAQUhFK/NDDhyQ68Ibc9QhphJNsZ.mp3,2026-04-18 23:49:45
Palace Guard,,2OcnG4mH3jIMtWz3vKus,Wolf Spencer - Rough and Deep,https://storage.googleapis.com/eleven-public-prod/database/workspace/2d61a6b0557d4d3b8afb7d9f443714f5/voices/2OcnG4mH3jIMtWz3vKus/Ita1LHl4VFZqS4t2hhBL.mp3,2026-04-19 02:25:46
Pamela,Cove,7dEuJHhweR5AFXA4INkB,"Carol - Warm, Smooth & Luxurious",https://storage.googleapis.com/eleven-public-prod/database/workspace/1028b568a00c4351990e3594cc6075d2/voices/7dEuJHhweR5AFXA4INkB/VgxWgfgemqw8s0vA6XJc.mp3,2026-04-18 23:22:31
Papa,Yew,2ajXGJNYBR0iNHpS4VZb,Rob - Tough & Calloused,https://storage.googleapis.com/eleven-public-prod/database/workspace/c915cc6b038c4ee594dea6e889603893/voices/2ajXGJNYBR0iNHpS4VZb/qei25Eeg71wvBuDXvBYN.mp3,2026-04-19 00:04:10
Patterson,Britain,MiuUcZhJY72T59Qx5QJF,Alain Bessette - Approachable and Calm,https://storage.googleapis.com/eleven-public-prod/database/workspace/e4c2c66b97bd44d5bdd13cf474a5bee6/voices/MiuUcZhJY72T59Qx5QJF/fVDuYWfMLsbAYkpo6zHE.mp3,2026-04-18 21:35:07
Paul,Trinsic,7S3KNdLDL7aRgBVRQb1z,"Nathaniel - Deep, Rich and Mature",https://storage.googleapis.com/eleven-public-prod/database/workspace/514d94e9241c48e8b7905375729c436f/voices/7S3KNdLDL7aRgBVRQb1z/be6kSHXCBYZFtLDq4pcH.mp3,2026-04-18 20:42:43
Paulette,Skara Brae,hVcZZGM9Eziug8b1rHSa,"Ivy - Soft, Expressive and Warm",https://storage.googleapis.com/eleven-public-prod/custom/voices/hVcZZGM9Eziug8b1rHSa/FkJlQwllEwZJ5C2L0PyS.mp3,2026-04-19 00:33:27
Pendaran,Serpent's Hold,mrT3jrH9Ac2R6yx0IIlO,TotalEcho - Chronica Arcana,https://storage.googleapis.com/eleven-public-prod/database/workspace/d454e3d78fc44cf2afd66b61a01ae913/voices/mrT3jrH9Ac2R6yx0IIlO/r8LAy4dk0AV913D3FkKd.mp3,2026-04-19 01:02:17
Penni,Yew,nDJIICjR9zfJExIFeSCN,Emmaline - young British girl,https://storage.googleapis.com/eleven-public-prod/custom/voices/nDJIICjR9zfJExIFeSCN/QCyFH02mR1zeVFE0bC4x.mp3,2026-04-19 00:04:23
Penumbra,Moonglow,ksryVoNAGZT8GxWCTiVm,Elariel X – Epic Queen Ethereal,https://storage.googleapis.com/eleven-public-prod/database/workspace/65ce3d25b2034bf0b490a868052eff08/voices/ksryVoNAGZT8GxWCTiVm/1q5bPUZzoVmdNay9yNaL.mp3,2026-04-19 00:47:36
Perrin,Yew,ktrGUw7rURIQyMrQZqCu,"Cassius - Velvety, Measured, Commanding",https://storage.googleapis.com/eleven-public-prod/database/workspace/f1affe425a5841d88b0c1f6aa4666fc0/voices/ktrGUw7rURIQyMrQZqCu/p8Qk34ySthyFNoDmy3XV.mp3,2026-04-19 00:04:34
Petre,Trinsic,chcMmmtY1cmQh2ye1oXi,Timmy ,https://storage.googleapis.com/eleven-public-prod/custom/voices/chcMmmtY1cmQh2ye1oXi/mdBV0XLS9541mA6h7u7N.mp3,2026-04-18 20:25:54
Phearcy,Moonglow,H95GouXRy6uq6YSAbG3m,James - Chilled & Casual,https://storage.googleapis.com/eleven-public-prod/database/workspace/3b7883bf86f4422fb4a981f171124400/voices/H95GouXRy6uq6YSAbG3m/c72c7d8d-cdbb-4dae-8b81-63f1883ad40c.mp3,2026-04-19 00:48:17
Polly,Paws,UizRZo250FhTtKlJa6mo,Diana,https://storage.googleapis.com/eleven-public-prod/database/workspace/530a5bf3c26e4473a0d9e88b242b9456/voices/UizRZo250FhTtKlJa6mo/d41dc57d-3f95-44b2-92da-b37fdf1beb64.mp3,2026-04-18 23:02:08
Quaeven,Terfin,cwdmeUHVFO9BmZhUar4w,"Koro - Rich, Resonating and Inviting",https://storage.googleapis.com/eleven-public-prod/MeN1cBq1kJZowiPJHDgRKL9hPB82/voices/cwdmeUHVFO9BmZhUar4w/bb43e265-d2f3-4662-a8c0-32bb6b1c3559.mp3,2026-04-19 00:55:02
Quan,Terfin,JGvbt2lqOpkcTJb07LIm,Mikael - Relaxation Voice,https://storage.googleapis.com/eleven-public-prod/database/workspace/a782bf71d061418383f32f3dd86ad38e/voices/JGvbt2lqOpkcTJb07LIm/e9518305-f112-40af-aa9b-013584913c38.mp3,2026-04-19 00:55:51
Quenton,Skara Brae,kLhAstPcnnPxqzk6gS5i,"Rowan – Gentle, Soft-Spoken & Warm",https://storage.googleapis.com/eleven-public-prod/database/workspace/e2c52f9641c54df8b869fd5d3c9ce4f4/voices/kLhAstPcnnPxqzk6gS5i/xJJZFNzM004Xa0NW2cRX.mp3,2026-04-19 00:34:25
Rankin,Moonglow,JXYSQxCDCEetQ7gLw6RL,Shanthez Castello,https://storage.googleapis.com/eleven-public-prod/database/workspace/8ab2e0c1f05b43cd90bebb94c2c08a82/voices/JXYSQxCDCEetQ7gLw6RL/kSXeVvgyewCYpZ0CKZJ2.mp3,2026-04-19 00:48:48
Rayburt,Cove,5k4KYEPhnJgec4DoXV4h,"Jonathan - Thoughtful, Calm, Reassuring.",https://storage.googleapis.com/eleven-public-prod/98tnnpN8B8fhXRbhFk0EeoEsIIL2/voices/5k4KYEPhnJgec4DoXV4h/f6174b89-abc1-44ef-bae8-80a438405a21.mp3,2026-04-18 23:28:37
Raymundo,Britain,TUupbYgkrwMXwMB2cmVJ,Robert - British Explainer Voice ,https://storage.googleapis.com/eleven-public-prod/database/workspace/502d264ccfcc4609a647a17b2d12e11a/voices/TUupbYgkrwMXwMB2cmVJ/EeIEURcZDIr9X72gEI3h.mp3,2026-04-18 21:35:39
Reyna,Yew,X6VIT9ZXy5Nr7EmuLOGz,"Daria - Soft, Seductive, Villain, Mysterious voice",https://storage.googleapis.com/eleven-public-prod/database/workspace/c3d3168749564f5fbbccc517fc601b69/voices/X6VIT9ZXy5Nr7EmuLOGz/3c94dae7-0f7d-446c-b8dc-f9a96a8356d5.mp3,2026-04-19 00:04:47
Richter,Serpent's Hold,rduzwhyZDdtuFPq1Z1mL,British Podcast Narrator,https://storage.googleapis.com/eleven-public-prod/database/workspace/3bc7a51d64d5475fb4ac0646bc090232/voices/rduzwhyZDdtuFPq1Z1mL/d264d2e5-f869-4071-9e63-cf528e650350.mp3,2026-04-19 01:03:04
Roberto,Buccaneer's Den,yowh82B72eMNrxcxHgBh,Lorenzo Prada - Refined Italian accent,https://storage.googleapis.com/eleven-public-prod/database/workspace/128b58cf5af6469eac74d73431937140/voices/yowh82B72eMNrxcxHgBh/Mi3yD53oHpWK9p8ESE4L.mp3,2026-04-19 01:32:57
Robin,New Magincia,IribPufHsfEPrnlMFar8,Adrian ,https://storage.googleapis.com/eleven-public-prod/database/workspace/4a030acd241f4246890101238e5059b5/voices/IribPufHsfEPrnlMFar8/PfyAlnUysWNZXWvQNvOe.mp3,2026-04-19 00:26:33
Rowena,Skara Brae,PRLoZIeO4OL0Ttu49Njp,"Annabelle - Soothing, Gentle and Warm",https://storage.googleapis.com/eleven-public-prod/database/workspace/a81ba57c0e204fd287463a3a70bd5fb8/voices/PRLoZIeO4OL0Ttu49Njp/yFx6MO1m3pwTTG9VESGc.mp3,2026-04-19 00:34:50
Rudyom,Cove,WdZjiN0nNcik2LBjOHiv,David - Raspy and Soft,https://storage.googleapis.com/eleven-public-prod/database/workspace/a132b12665fb44298366974cbedbdf07/voices/WdZjiN0nNcik2LBjOHiv/TL91jb9PrQ0a33s96eDF.mp3,2026-04-18 23:33:47
Runeb,Terfin,8NfIEdPh7DqhJntaAoWK,Daniel Lamptey,https://storage.googleapis.com/eleven-public-prod/uPWUSvIWsqaAxGwyxmGOe4ohpVR2/voices/8NfIEdPh7DqhJntaAoWK/186a7bd1-02ee-49af-ae85-997ff0cc71cc.mp3,2026-04-19 00:56:27
Russell,New Magincia,aN0SWmSqDdwgj0ww8TIu,Rich - Southern UK ,https://storage.googleapis.com/eleven-public-prod/database/workspace/d27cb5d9f63e4386a1745b4e8587f08a/voices/aN0SWmSqDdwgj0ww8TIu/1c448839-96be-4c07-95a4-498423962449.mp3,2026-04-19 00:27:00
Rutherford,Minoc,ytcsltLTtCHxNn1vC76H,Ricky,https://storage.googleapis.com/eleven-public-prod/database/workspace/7f9956b146334de0b1fcf4e2a4d9a277/voices/ytcsltLTtCHxNn1vC76H/HPNdgDxl1yMHNsqiLBBd.mp3,2026-04-18 23:50:05
Salamon,Yew,7NsaqHdLuKNFvEfjpUno,"Seer Morganna - Intimidating, and Clear",https://storage.googleapis.com/eleven-public-prod/custom/voices/7NsaqHdLuKNFvEfjpUno/LyhT6nxqgbsw2z56SfVt.mp3,2026-04-19 00:05:15
Sam,New Magincia,pwJrIG2OWAHK5IZ2atco,"Simon - Assured, Polished and Engaging",https://storage.googleapis.com/eleven-public-prod/database/workspace/d0723c0a36984bf2829133f6d8fd2f3a/voices/pwJrIG2OWAHK5IZ2atco/PjJfTAeU5XIC9SETmauL.mp3,2026-04-19 00:27:40
Saralek,Yew,yT6a4iSaggBxW2BTSFGH,Luaren - Calming Brit,https://storage.googleapis.com/eleven-public-prod/database/workspace/4bfa5438f59347a1befe64d9705e2469/voices/yT6a4iSaggBxW2BTSFGH/0d10a19c-4a2a-4607-bd59-76687e2fa548.mp3,2026-04-19 00:06:24
Sarpling,Terfin,Tj9l48J9AJbry5yCP5eW,Matthew Schmitz - Ancient Vampire Lord,https://storage.googleapis.com/eleven-public-prod/database/workspace/d309ea25683d4d97b92e44772a430c74/voices/Tj9l48J9AJbry5yCP5eW/16Z8bx6oi7LM3KdDpNBm.mp3,2026-04-19 00:56:51
Sasha,Minoc,blS2CVtvoZT2lNa8n6qk,"Chris - Elegant, Bright and Youthful",https://storage.googleapis.com/eleven-public-prod/database/workspace/6e2518e6e13b42a48fe105479d79547d/voices/blS2CVtvoZT2lNa8n6qk/YGSOJKmiiwFNPhgc32HZ.mp3,2026-04-18 23:50:56
Sean,Britain,lGa35u0QLnPXKK0HOdse,Matt - MetaLogic Neutral,https://storage.googleapis.com/eleven-public-prod/database/workspace/a754535e2499456a92a06498053d0fdb/voices/lGa35u0QLnPXKK0HOdse/061c1e10-de9b-4e27-866d-6a091fb25e8f.mp3,2026-04-18 21:37:30
Seara,Minoc,lkkYHYBn2tuMgVKAP9bx,"Pascal - Deep, Smooth, and Calm",https://storage.googleapis.com/eleven-public-prod/database/workspace/ed9b05e6324c457685490352e9a1ec90/voices/lkkYHYBn2tuMgVKAP9bx/BLfGkIT6xVsaZiAkZysB.mp3,2026-04-18 23:51:56
Sentri,Party,CQcj2MsUgZyAgfHH6yJV,"Alexander - Smooth, Deep and Round",https://storage.googleapis.com/eleven-public-prod/database/workspace/04c8f9ba5ad8467782a52b56db8930bd/voices/CQcj2MsUgZyAgfHH6yJV/3c8fdf58-9242-40f5-aa72-01ba932da7fb.mp3,2026-04-16 06:03:11
Shamino,Party,6WwXjDDEMyNmFG95zycZ,Eldrin - Crisp British Baritone,https://storage.googleapis.com/eleven-public-prod/database/workspace/1da06ea679a54975ad96a2221fe6530d/voices/6WwXjDDEMyNmFG95zycZ/RT3f2jFU3dCgQQwtz3dC.mp3,2026-04-16 05:59:51
Shanda,Ambrosia,1KFdM0QCwQn4rmn5nn9C,Parasyte - Whispers from the Deep Dark,https://storage.googleapis.com/eleven-public-prod/database/workspace/631bf5a20c2d45ffacc1311eb5dec41f/voices/1KFdM0QCwQn4rmn5nn9C/S7PCghJu5W2PqkV9fpld.mp3,2026-04-19 02:02:37
Shando,Ambrosia,OTMqA7lryJHXgAnPIQYt,Crazy Eddie,https://storage.googleapis.com/eleven-public-prod/database/workspace/906769ced56041d29cb30238e36a5dd1/voices/OTMqA7lryJHXgAnPIQYt/i2P4zAzoAoQAwzayTRMV.mp3,2026-04-19 02:27:03
Shandu,Ambrosia,qhH5VOAvpCwvNpmn2srO,"Lex - Sinister, Whispering Goblin",https://storage.googleapis.com/eleven-public-prod/database/workspace/c0e14c5be0d74f79ae37aed74fe038f8/voices/qhH5VOAvpCwvNpmn2srO/XrtdhVeT6eegi9BNVdt0.mp3,2026-04-19 02:03:37
Sherry,Britain,WbwwsO6cCyUItWWlHOKN,Cass - Podcast Energy & Main Character ,https://storage.googleapis.com/eleven-public-prod/database/workspace/7b2df22046c3427a88a9cb1a1e9d7b3b/voices/WbwwsO6cCyUItWWlHOKN/r2UMZeTTNMbrfF008F3H.mp3,2026-04-18 21:38:41
Shrine,Forge of Virtue,A9evEp8yGjv4c3WsIKuY,Ralf Eisend - Deep and Gravely,https://storage.googleapis.com/eleven-public-prod/tNEltVOhD0hYlQQZEzsH2se8E3y2/voices/A9evEp8yGjv4c3WsIKuY/38b34083-11db-48af-8439-59538b805a63.mp3,2026-04-19 01:59:07
Silamo,Terfin,eoNqkziQgzmLZeatERgP,"John - Calm, Mysterious and Controlled",https://storage.googleapis.com/eleven-public-prod/database/workspace/a7b1615898274efe91f5a6fa6ffa60fc/voices/eoNqkziQgzmLZeatERgP/e376884a-d82c-408f-baec-ee2f91001359.mp3,2026-04-19 00:57:44
Sintag,Buccaneer's Den,2ajXGJNYBR0iNHpS4VZb,Rob - Tough & Calloused,https://storage.googleapis.com/eleven-public-prod/database/workspace/c915cc6b038c4ee594dea6e889603893/voices/2ajXGJNYBR0iNHpS4VZb/qei25Eeg71wvBuDXvBYN.mp3,2026-04-19 01:33:38
Sir Jeff,Yew,goT3UYdM9bhm0n2lmKQx,"Edward - British, Dark, Seductive, Low",https://storage.googleapis.com/eleven-public-prod/database/workspace/9ffd9eb76f364648abbfb2c74b299b4a/voices/goT3UYdM9bhm0n2lmKQx/8e1e53b7-9320-4bab-acf2-86d7e77d1b8b.mp3,2026-04-19 00:06:41
Smith,Yew,0m71kiyu84bdUcKDzG0L,Dave,https://storage.googleapis.com/eleven-public-prod/database/workspace/e25cb99b805f44e895d68f73a73a6f58/voices/0m71kiyu84bdUcKDzG0L/Z2W1NWE64g928pktt9TS.mp3,2026-04-19 00:07:29
Smithy,Buccaneer's Den,jgzHfSd2o0L7p0de3yr0,"Mark - Expressive, General English/British Accent",https://storage.googleapis.com/eleven-public-prod/database/workspace/edb0050bdff44e8b95647c07c8d37a81/voices/jgzHfSd2o0L7p0de3yr0/c1b8b51f-66e5-4497-96c1-fc4526b563d7.mp3,2026-04-19 01:34:19
Snaz,Britain,chcMmmtY1cmQh2ye1oXi,Timmy ,https://storage.googleapis.com/eleven-public-prod/custom/voices/chcMmmtY1cmQh2ye1oXi/mdBV0XLS9541mA6h7u7N.mp3,2026-04-18 21:40:08
Spark,Party,wSqOdjeNqDrHcoK0zorF,Lukas - Excited youthful young man,https://storage.googleapis.com/eleven-public-prod/database/workspace/9fa48f2eb1bd4614bfff3caa51b8a4d3/voices/wSqOdjeNqDrHcoK0zorF/YDtI1sFmUT4db3UROUaY.mp3,2026-04-16 05:52:07
Sprellic,Jhelom,Iwr5uai9ZpKy4XMRJc3w,Dave ,https://storage.googleapis.com/eleven-public-prod/database/workspace/0143cdc3bd4143de9801eae0b7e91223/voices/Iwr5uai9ZpKy4XMRJc3w/8ea7d147-0c19-482c-b0e6-f4b347ef4386.mp3,2026-04-19 00:18:33
Stuart,Britain,llNlEi50DSCIEuoOIaH7,Jamie - Upbeat British Ad Voice,https://storage.googleapis.com/eleven-public-prod/database/workspace/e2c52f9641c54df8b869fd5d3c9ce4f4/voices/llNlEi50DSCIEuoOIaH7/luC8v91cPpMg2NjmBka1.mp3,2026-04-18 21:41:26
Sullivan,Buccaneer's Den,m5VAP3qK8ibgKt45389E,Colin Lewis,https://storage.googleapis.com/eleven-public-prod/database/workspace/bacc7641928248f691df0fc8df0f58f3/voices/m5VAP3qK8ibgKt45389E/f413cf94-392c-48a9-bf08-0a2bf795bf2a.mp3,2026-04-19 01:35:06
Syria,Jhelom,XEoBW4iDmiawQP72xnAF,Evelyn - Resourceful and Ironic,https://storage.googleapis.com/eleven-public-prod/database/workspace/47a65c31f7c647f483d685d7c36d3bd1/voices/XEoBW4iDmiawQP72xnAF/cFoSj6EcM3g0qX3MezoP.mp3,2026-04-19 00:19:36
Tavenor,Yew,FiQVBfstqvAXNba9nkRV,Cameron,https://storage.googleapis.com/eleven-public-prod/database/workspace/d04c22cd40c845a9a0a655cb89f82c0e/voices/FiQVBfstqvAXNba9nkRV/lGMIOX8bkCTCzfF8GjEc.mp3,2026-04-19 00:09:39
Taylor,Yew,wUwsnXivqGrDWuz1Fc89,Liam – Soft Northern Accent & Calm Tone,https://storage.googleapis.com/eleven-public-prod/database/workspace/92eb983928744ec8b0cf265a6f78b8d3/voices/wUwsnXivqGrDWuz1Fc89/g93fuTV5azNbrzSulmJ1.mp3,2026-04-19 00:10:34
Teregus,Terfin,oR4uRy4fHDUGGISL0Rev,Myrrdin - Wise and Magical Narrator,https://storage.googleapis.com/eleven-public-prod/database/workspace/dbc0ca7affc9443599cdb53aaab1d595/voices/oR4uRy4fHDUGGISL0Rev/h3sx1GXkLl4PWogk0hfB.mp3,2026-04-19 00:58:00
Thad,Yew,lKMAeQD7Brvj7QCWByqK,Jason - British Badass,https://storage.googleapis.com/eleven-public-prod/database/workspace/1773603ff27e4c3caa3586b45f34a2f8/voices/lKMAeQD7Brvj7QCWByqK/f1VmxZ2tAFIR7nBGHTPE.mp3,2026-04-19 00:11:19
Thurston,Paws,jr4BEb8zU7Zqyvq3fU4R,Steve Wilkes,https://storage.googleapis.com/eleven-public-prod/database/workspace/d96f168489bc45d082c67817d560f9f9/voices/jr4BEb8zU7Zqyvq3fU4R/tm01qZEfjOZicXcaUNls.mp3,2026-04-18 23:03:06
Tiery,Yew,MKlLqCItoCkvdhrxgtLv,Grampa Werthers - Old & Cranky,https://storage.googleapis.com/eleven-public-prod/database/workspace/b2109416c7514449a5f06540d10f0e73/voices/MKlLqCItoCkvdhrxgtLv/EfkFDCEQ4BNruX2zQISz.mp3,2026-04-19 00:13:21
Time Lord,Forge of Virtue,2OcnG4mH3jIMtWz3vKus,Wolf Spencer - Rough and Deep,https://storage.googleapis.com/eleven-public-prod/database/workspace/2d61a6b0557d4d3b8afb7d9f443714f5/voices/2OcnG4mH3jIMtWz3vKus/Ita1LHl4VFZqS4t2hhBL.mp3,2026-04-19 02:00:34
Timmons,Jhelom,ARGtwhBRbFw8Qd0u9okb,Fraser,https://storage.googleapis.com/eleven-public-prod/database/workspace/ef29bbedfb8341d6b1c314a62aded818/voices/ARGtwhBRbFw8Qd0u9okb/0MjzbhF3e5F94gA0oPFr.mp3,2026-04-19 00:20:20
Tobias,Paws,wSqOdjeNqDrHcoK0zorF,Lukas - Excited youthful young man,https://storage.googleapis.com/eleven-public-prod/database/workspace/9fa48f2eb1bd4614bfff3caa51b8a4d3/voices/wSqOdjeNqDrHcoK0zorF/YDtI1sFmUT4db3UROUaY.mp3,2026-04-18 23:04:36
Tolemac,Moonglow,jr4BEb8zU7Zqyvq3fU4R,Steve Wilkes,https://storage.googleapis.com/eleven-public-prod/database/workspace/d96f168489bc45d082c67817d560f9f9/voices/jr4BEb8zU7Zqyvq3fU4R/tm01qZEfjOZicXcaUNls.mp3,2026-04-19 00:49:06
Tory,Serpent's Hold,zNe9OWjmOg3L7EgrhkJw,Rebecca - Female British Accent,https://storage.googleapis.com/eleven-public-prod/database/workspace/ba8ab75194784a1594237d783e679e07/voices/zNe9OWjmOg3L7EgrhkJw/b7d1542e-99e5-4ca3-be49-332ccbbb50a2.mp3,2026-04-19 01:03:34
Trellek,Yew,gmv0PPPs8m6FEf03PImj,Blondie - Gentle & Kind,https://storage.googleapis.com/eleven-public-prod/database/workspace/d91f7b28e41646f8b80502748b614b4a/voices/gmv0PPPs8m6FEf03PImj/HP07sTSD67EHZ9SDyhpV.mp3,2026-04-19 00:15:11
Trent,Skara Brae,ybjoxm7ASLDUFh2pC2eM,Jasper Vayne - Epic Grim Dark Narrator ,https://storage.googleapis.com/eleven-public-prod/database/workspace/31508a9dc4ff4bd88fa89768d7d91cc2/voices/ybjoxm7ASLDUFh2pC2eM/835ff8f6-053c-43f5-a10e-c82b9839d8d4.mp3,2026-04-19 00:35:30
Tseramed,Party,mEQZfjtTxy2aLVkOFap5,"Oliver - Articulate, Smooth and British",https://storage.googleapis.com/eleven-public-prod/database/workspace/095ac304b835423e865eb822ee258658/voices/mEQZfjtTxy2aLVkOFap5/d7a08408-5b18-420a-b743-7579e4d05560.mp3,2026-04-16 05:59:13
Vokes,Jhelom,nXIYu9FT5meibkBbZFT7,James - Sales Professional ,https://storage.googleapis.com/eleven-public-prod/database/workspace/d71259361aa146e28b61e986d0f13b1d/voices/nXIYu9FT5meibkBbZFT7/6ed76ed7-8ac2-4ef3-9172-f8fbcc01a831.mp3,2026-04-19 00:21:02
Wayne,Dungeon,479awuEQRWC4PxB3tfUB,Jack - Authentic Youthful Narrator,https://storage.googleapis.com/eleven-public-prod/database/workspace/472f7ab2472545cc9ca328d555a80c59/voices/479awuEQRWC4PxB3tfUB/46b57f7e-ab0a-48b9-9890-0e1dc81c08a4.mp3,2026-04-19 02:14:44
Wench,Buccaneer's Den,54Cze5LrTSyLgbO6Fhlc,"Caty - Droll, Wry and Dry",https://storage.googleapis.com/eleven-public-prod/database/workspace/00aaf4c1b030411083fb224c3aef62db/voices/54Cze5LrTSyLgbO6Fhlc/0qOKD9m3RsKKNnf4rpWV.mp3,2026-04-19 01:35:30
Weston,Britain,enI44SIiQ2GsKAhWRSpZ,"A Lost American - Soft, Bleak & Wistful",https://storage.googleapis.com/eleven-public-prod/database/workspace/425b3b9205bd4a289e3e1622bade4c7c/voices/enI44SIiQ2GsKAhWRSpZ/78c77f21-15ac-4f1c-92b8-082d7ee9ee05.mp3,2026-04-18 21:42:46
William,Minoc,Y22lyxm6YySZtV7CzqrB,"Martin - Calm, Confident Human",https://storage.googleapis.com/eleven-public-prod/database/workspace/f50e9768fcd242a0bdaa7d49e7ffd414/voices/Y22lyxm6YySZtV7CzqrB/huq8GJx216LjRxP9BsyG.mp3,2026-04-18 23:54:24
Willy,Britain,gpYTodEbX9z98axldaGD,Jack - Fast Paced And Upbeat,https://storage.googleapis.com/eleven-public-prod/database/workspace/b55ce4a84a184b2cac9803d8ab27b79f/voices/gpYTodEbX9z98axldaGD/GP4G4MREHAa1OiAWMOgp.mp3,2026-04-18 21:43:11
Wis Sur,Vesper,dG7SBJDxDoZkQUrwvqrD,Medraut - Theatrical Villain & Sardonic Sovereign,https://storage.googleapis.com/eleven-public-prod/database/workspace/dbc0ca7affc9443599cdb53aaab1d595/voices/dG7SBJDxDoZkQUrwvqrD/K3ZTGOB9tX1Vuy9cZprp.mp3,2026-04-19 01:15:06
Wislem,Britain,7HA1uNx4FTqthumW2yIV,Aathish -Deep & Relaxed ,https://storage.googleapis.com/eleven-public-prod/database/workspace/81d4a64bddf9491184599b8ef3527fe4/voices/7HA1uNx4FTqthumW2yIV/lapeVcJvbbajGBRh0H1x.mp3,2026-04-18 21:44:16
Xanthia,Minoc,ui11Rd52NKH2DbWlcbvw,"Tonia - Calm, soft and clear",https://storage.googleapis.com/eleven-public-prod/3jm0mh7d6RVFcaCkWYzz2zd9rmv1/voices/ui11Rd52NKH2DbWlcbvw/b6be50ba-be75-48c3-a5dc-0098b05a0b50.mp3,2026-04-18 23:55:26
Xorinia,Dungeon,Tro83F3waWsNiDmUgRqP,Tagg - Short Announcements,https://storage.googleapis.com/eleven-public-prod/database/workspace/b2109416c7514449a5f06540d10f0e73/voices/Tro83F3waWsNiDmUgRqP/SFDSrpNAb6luZOPVmuI9.mp3,2026-04-19 02:15:55
Yongi,Vesper,aMdQCEO9kwP77QH1DiFy,"Archie - Warm, Clear and Storrytelling",https://storage.googleapis.com/eleven-public-prod/database/workspace/c42f84738542484c82abdcf61244f97d/voices/aMdQCEO9kwP77QH1DiFy/32b5cd07-de51-4082-9200-f9669a5a11e5.mp3,2026-04-19 01:15:54
Yvella,Vesper,LZAcK8Cx5QjdQhfBsJQZ,Grace - 25-35 Year Old British Female,https://storage.googleapis.com/eleven-public-prod/database/workspace/3fb9c88a888d4a29b6920a0d588d5b6d/voices/LZAcK8Cx5QjdQhfBsJQZ/xpm89Iz4tJ2hAmoz6nMi.mp3,2026-04-19 01:18:31
Zaksam,Vesper,NTR7m6TNHhLfV8Zp1IOL,"Clive - Authentic, informative",https://storage.googleapis.com/eleven-public-prod/database/workspace/18fc23b0d6ad4f99aa0d553bac0bb501/voices/NTR7m6TNHhLfV8Zp1IOL/cUG1Xu6iIpkrjOpSSbMD.mp3,2026-04-19 01:20:33
Zelda,Moonglow,l006hw6wZaEYAv80cbzj,"Lorena - Calm, soft and clear",https://storage.googleapis.com/eleven-public-prod/database/workspace/a43402e23dac496390321192dfc96880/voices/l006hw6wZaEYAv80cbzj/BP5NJ9qJYUCEjkjkubv7.mp3,2026-04-19 00:49:31
Zella,Britain,P8GPiouqseKXRU3xuJBx,"Paul - Proffessional, Rich, Clear",https://storage.googleapis.com/eleven-public-prod/database/workspace/c654543d818d46f6ac75f1045826370a/voices/P8GPiouqseKXRU3xuJBx/1OoUqHqqqAMtZbppVx4M.mp3,2026-04-18 21:44:53
Zinaida,Cove,RU8huomG1ebFQW6nNko3,Maria – Manchester Literary Narrator,https://storage.googleapis.com/eleven-public-prod/database/workspace/0dd41d2c75b14b998d2da33de19ed599/voices/RU8huomG1ebFQW6nNko3/6d91d426-eabb-49c3-9f75-144348d7bb27.mp3,2026-04-18 23:34:43
Zorn,Minoc,Ove8WBzDZNiVFcZz35xB,"Ahmed - Deep, Relaxing and Soothing.",https://storage.googleapis.com/eleven-public-prod/database/workspace/3dc01b3d8db4459a8a07d3caa5ae11e2/voices/Ove8WBzDZNiVFcZz35xB/bfb00249-5e4d-4bc6-b979-415625e41d8f.mp3,2026-04-18 23:56:44
